2002.01.01 00:00,0.88970000,0.89090000,0.88970000,0.89060000
2002.01.01 04:00,0.89020000,0.89020000,0.88940000,0.88950000
2002.01.01 08:00,0.88860000,0.88920000,0.88640000,0.88640000
2002.01.01 12:00,0.88690000,0.88690000,0.88670000,0.88670000
2002.01.01 16:00,0.88630000,0.89130000,0.88630000,0.89020000
2002.01.01 20:00,0.89020000,0.89040000,0.88880000,0.88950000
2002.01.02 00:00,0.88960000,0.89170000,0.88830000,0.89090000
2002.01.02 04:00,0.89080000,0.89500000,0.89080000,0.89360000
2002.01.02 08:00,0.89340000,0.90100000,0.89240000,0.89990000
2002.01.02 12:00,0.90000000,0.90690000,0.89950000,0.90410000
2002.01.02 16:00,0.90420000,0.90540000,0.90200000,0.90310000
2002.01.02 20:00,0.90340000,0.90420000,0.90280000,0.90330000
2002.01.03 00:00,0.90320000,0.90560000,0.90300000,0.90430000
2002.01.03 04:00,0.90460000,0.90610000,0.90280000,0.90390000
2002.01.03 08:00,0.90380000,0.90420000,0.89980000,0.90390000
2002.01.03 12:00,0.90350000,0.90520000,0.90010000,0.90060000
2002.01.03 16:00,0.90050000,0.90150000,0.89740000,0.89880000
2002.01.03 20:00,0.89900000,0.90030000,0.89800000,0.89930000
2002.01.04 00:00,0.89890000,0.89990000,0.89690000,0.89840000
2002.01.04 04:00,0.89840000,0.90030000,0.89780000,0.89960000
2002.01.04 08:00,0.89940000,0.89960000,0.89530000,0.89550000
2002.01.04 12:00,0.89570000,0.89830000,0.89480000,0.89660000
2002.01.04 16:00,0.89680000,0.89710000,0.89380000,0.89570000
2002.01.04 20:00,0.89450000,0.89620000,0.89420000,0.89480000
2002.01.07 00:00,0.89500000,0.89730000,0.89460000,0.89670000
2002.01.07 04:00,0.89680000,0.89960000,0.89620000,0.89820000
2002.01.07 08:00,0.89820000,0.89980000,0.89310000,0.89340000
2002.01.07 12:00,0.89340000,0.89390000,0.88810000,0.89200000
2002.01.07 16:00,0.89230000,0.89450000,0.89080000,0.89360000
2002.01.07 20:00,0.89360000,0.89400000,0.89240000,0.89340000
2002.01.08 00:00,0.89340000,0.89360000,0.89030000,0.89200000
2002.01.08 04:00,0.89190000,0.89320000,0.89000000,0.89200000
2002.01.08 08:00,0.89220000,0.89390000,0.88820000,0.89030000
2002.01.08 12:00,0.89070000,0.89210000,0.88880000,0.89110000
2002.01.08 16:00,0.89100000,0.89330000,0.88980000,0.89180000
2002.01.08 20:00,0.89190000,0.89390000,0.89100000,0.89330000
2002.01.09 00:00,0.89330000,0.89540000,0.89160000,0.89280000
2002.01.09 04:00,0.89320000,0.89390000,0.89210000,0.89300000
2002.01.09 08:00,0.89290000,0.89380000,0.89100000,0.89250000
2002.01.09 12:00,0.89250000,0.89320000,0.88770000,0.88880000
2002.01.09 16:00,0.88880000,0.88990000,0.88640000,0.88950000
2002.01.09 20:00,0.88940000,0.89170000,0.88900000,0.89120000
2002.01.10 00:00,0.89120000,0.89230000,0.89040000,0.89080000
2002.01.10 04:00,0.89070000,0.89280000,0.89040000,0.89170000
2002.01.10 08:00,0.89170000,0.89400000,0.89080000,0.89300000
2002.01.10 12:00,0.89290000,0.89320000,0.89000000,0.89180000
2002.01.10 16:00,0.89170000,0.89410000,0.89090000,0.89160000
2002.01.10 20:00,0.89170000,0.89240000,0.89090000,0.89140000
2002.01.11 00:00,0.89140000,0.89340000,0.89080000,0.89290000
2002.01.11 04:00,0.89250000,0.89310000,0.89110000,0.89180000
2002.01.11 08:00,0.89170000,0.89330000,0.89090000,0.89240000
2002.01.11 12:00,0.89250000,0.89310000,0.89100000,0.89170000
2002.01.11 16:00,0.89200000,0.89240000,0.88950000,0.89170000
2002.01.11 20:00,0.89140000,0.89280000,0.89050000,0.89220000
2002.01.14 00:00,0.89450000,0.89540000,0.89370000,0.89460000
2002.01.14 04:00,0.89470000,0.89530000,0.89380000,0.89440000
2002.01.14 08:00,0.89440000,0.89560000,0.89190000,0.89220000
2002.01.14 12:00,0.89230000,0.89380000,0.89140000,0.89310000
2002.01.14 16:00,0.89310000,0.89530000,0.89260000,0.89330000
2002.01.14 20:00,0.89310000,0.89470000,0.89280000,0.89420000
2002.01.15 00:00,0.89420000,0.89470000,0.89300000,0.89360000
2002.01.15 04:00,0.89380000,0.89470000,0.89200000,0.89200000
2002.01.15 08:00,0.89220000,0.89350000,0.89020000,0.89200000
2002.01.15 12:00,0.89210000,0.89300000,0.89090000,0.89150000
2002.01.15 16:00,0.89160000,0.89250000,0.88520000,0.88730000
2002.01.15 20:00,0.88710000,0.88770000,0.88200000,0.88360000
2002.01.16 00:00,0.88340000,0.88470000,0.88180000,0.88290000
2002.01.16 04:00,0.88270000,0.88460000,0.88160000,0.88350000
2002.01.16 08:00,0.88350000,0.88470000,0.88020000,0.88130000
2002.01.16 12:00,0.88110000,0.88290000,0.88050000,0.88190000
2002.01.16 16:00,0.88160000,0.88430000,0.88090000,0.88270000
2002.01.16 20:00,0.88280000,0.88450000,0.88170000,0.88360000
2002.01.17 00:00,0.88360000,0.88540000,0.88290000,0.88340000
2002.01.17 04:00,0.88360000,0.88390000,0.88130000,0.88380000
2002.01.17 08:00,0.88350000,0.88420000,0.87930000,0.88060000
2002.01.17 12:00,0.88060000,0.88230000,0.88020000,0.88140000
2002.01.17 16:00,0.88150000,0.88200000,0.87970000,0.88120000
2002.01.17 20:00,0.88120000,0.88180000,0.88030000,0.88120000
2002.01.18 00:00,0.88140000,0.88200000,0.88010000,0.88060000
2002.01.18 04:00,0.88060000,0.88190000,0.88000000,0.88120000
2002.01.18 08:00,0.88110000,0.88180000,0.87950000,0.88130000
2002.01.18 12:00,0.88110000,0.88170000,0.87990000,0.88010000
2002.01.18 16:00,0.88020000,0.88530000,0.87960000,0.88370000
2002.01.18 20:00,0.88430000,0.88490000,0.88360000,0.88450000
2002.01.21 00:00,0.88400000,0.88690000,0.88390000,0.88620000
2002.01.21 04:00,0.88610000,0.88680000,0.88480000,0.88590000
2002.01.21 08:00,0.88580000,0.88590000,0.88340000,0.88460000
2002.01.21 12:00,0.88460000,0.88510000,0.88310000,0.88380000
2002.01.21 16:00,0.88400000,0.88430000,0.88240000,0.88330000
2002.01.21 20:00,0.88330000,0.88430000,0.88310000,0.88330000
2002.01.22 00:00,0.88340000,0.88400000,0.88230000,0.88270000
2002.01.22 04:00,0.88280000,0.88350000,0.88190000,0.88240000
2002.01.22 08:00,0.88250000,0.88550000,0.88200000,0.88350000
2002.01.22 12:00,0.88360000,0.88480000,0.88210000,0.88310000
2002.01.22 16:00,0.88320000,0.88510000,0.88110000,0.88440000
2002.01.22 20:00,0.88450000,0.88770000,0.88440000,0.88670000
2002.01.23 00:00,0.88640000,0.88920000,0.88620000,0.88810000
2002.01.23 04:00,0.88810000,0.88910000,0.88690000,0.88750000
2002.01.23 08:00,0.88710000,0.88780000,0.88490000,0.88650000
2002.01.23 12:00,0.88630000,0.88690000,0.88390000,0.88510000
2002.01.23 16:00,0.88500000,0.88620000,0.87720000,0.87790000
2002.01.23 20:00,0.87810000,0.87880000,0.87650000,0.87740000
2002.01.24 00:00,0.87740000,0.87880000,0.87700000,0.87730000
2002.01.24 04:00,0.87760000,0.87870000,0.87670000,0.87770000
2002.01.24 08:00,0.87770000,0.87940000,0.87660000,0.87680000
2002.01.24 12:00,0.87730000,0.87830000,0.87520000,0.87670000
2002.01.24 16:00,0.87660000,0.87960000,0.87560000,0.87720000
2002.01.24 20:00,0.87750000,0.87860000,0.87600000,0.87770000
2002.01.25 00:00,0.87750000,0.87880000,0.87690000,0.87760000
2002.01.25 04:00,0.87750000,0.87820000,0.87500000,0.87680000
2002.01.25 08:00,0.87670000,0.87840000,0.86660000,0.86860000
2002.01.25 12:00,0.86870000,0.86920000,0.86370000,0.86380000
2002.01.25 16:00,0.86410000,0.86610000,0.86310000,0.86420000
2002.01.25 20:00,0.86430000,0.86620000,0.86410000,0.86440000
2002.01.28 00:00,0.86450000,0.86570000,0.86380000,0.86500000
2002.01.28 04:00,0.86520000,0.86660000,0.86370000,0.86400000
2002.01.28 08:00,0.86400000,0.86570000,0.86350000,0.86370000
2002.01.28 12:00,0.86420000,0.86480000,0.85700000,0.85930000
2002.01.28 16:00,0.85900000,0.86230000,0.85830000,0.86140000
2002.01.28 20:00,0.86150000,0.86300000,0.86090000,0.86190000
2002.01.29 00:00,0.86180000,0.86370000,0.85930000,0.86170000
2002.01.29 04:00,0.86170000,0.86350000,0.86040000,0.86150000
2002.01.29 08:00,0.86150000,0.86380000,0.85920000,0.86170000
2002.01.29 12:00,0.86160000,0.86340000,0.86080000,0.86240000
2002.01.29 16:00,0.86220000,0.86580000,0.86050000,0.86530000
2002.01.29 20:00,0.86520000,0.86610000,0.86410000,0.86520000
2002.01.30 00:00,0.86520000,0.86640000,0.86420000,0.86590000
2002.01.30 04:00,0.86620000,0.86640000,0.86370000,0.86430000
2002.01.30 08:00,0.86450000,0.86770000,0.86370000,0.86510000
2002.01.30 12:00,0.86500000,0.86680000,0.85990000,0.86140000
2002.01.30 16:00,0.86140000,0.86570000,0.86090000,0.86300000
2002.01.30 20:00,0.86290000,0.86370000,0.86060000,0.86230000
2002.01.31 00:00,0.86210000,0.86320000,0.86050000,0.86250000
2002.01.31 04:00,0.86260000,0.86330000,0.86170000,0.86170000
2002.01.31 08:00,0.86180000,0.86410000,0.85970000,0.86320000
2002.01.31 12:00,0.86320000,0.86470000,0.86130000,0.86160000
2002.01.31 16:00,0.86170000,0.86260000,0.85830000,0.85910000
2002.01.31 20:00,0.85920000,0.86010000,0.85760000,0.85920000
2002.02.01 00:00,0.85930000,0.86090000,0.85790000,0.86080000
2002.02.01 04:00,0.86080000,0.86130000,0.85770000,0.85790000
2002.02.01 08:00,0.85800000,0.86110000,0.85620000,0.86080000
2002.02.01 12:00,0.86080000,0.86440000,0.85970000,0.86310000
2002.02.01 16:00,0.86320000,0.86320000,0.85950000,0.86090000
2002.02.01 20:00,0.86090000,0.86290000,0.86080000,0.86220000
2002.02.04 00:00,0.86150000,0.86280000,0.86100000,0.86230000
2002.02.04 04:00,0.86240000,0.86280000,0.86140000,0.86220000
2002.02.04 08:00,0.86250000,0.86410000,0.86050000,0.86370000
2002.02.04 12:00,0.86370000,0.86530000,0.86310000,0.86440000
2002.02.04 16:00,0.86460000,0.87130000,0.86360000,0.86940000
2002.02.04 20:00,0.86960000,0.87110000,0.86930000,0.86980000
2002.02.05 00:00,0.86980000,0.87050000,0.86870000,0.86970000
2002.02.05 04:00,0.86980000,0.87060000,0.86890000,0.86970000
2002.02.05 08:00,0.86970000,0.87240000,0.86880000,0.87030000
2002.02.05 12:00,0.87030000,0.87340000,0.86770000,0.87080000
2002.02.05 16:00,0.87080000,0.87170000,0.86510000,0.86530000
2002.02.05 20:00,0.86540000,0.86850000,0.86530000,0.86730000
2002.02.06 00:00,0.86710000,0.86830000,0.86680000,0.86730000
2002.02.06 04:00,0.86740000,0.86810000,0.86590000,0.86650000
2002.02.06 08:00,0.86650000,0.86790000,0.86490000,0.86770000
2002.02.06 12:00,0.86790000,0.86830000,0.86330000,0.86500000
2002.02.06 16:00,0.86500000,0.87080000,0.86450000,0.86810000
2002.02.06 20:00,0.86820000,0.86920000,0.86640000,0.86730000
2002.02.07 00:00,0.86700000,0.86810000,0.86620000,0.86720000
2002.02.07 04:00,0.86730000,0.86770000,0.86530000,0.86590000
2002.02.07 08:00,0.86620000,0.86930000,0.86450000,0.86690000
2002.02.07 12:00,0.86680000,0.86800000,0.86490000,0.86720000
2002.02.07 16:00,0.86720000,0.87150000,0.86620000,0.87110000
2002.02.07 20:00,0.87110000,0.87190000,0.86960000,0.87040000
2002.02.08 00:00,0.86990000,0.87150000,0.86980000,0.87070000
2002.02.08 04:00,0.87070000,0.87180000,0.87030000,0.87110000
2002.02.08 08:00,0.87140000,0.87410000,0.87060000,0.87350000
2002.02.08 12:00,0.87310000,0.87560000,0.87230000,0.87330000
2002.02.08 16:00,0.87340000,0.87440000,0.87170000,0.87350000
2002.02.08 20:00,0.87360000,0.87380000,0.87190000,0.87220000
2002.02.11 00:00,0.87080000,0.87340000,0.87050000,0.87290000
2002.02.11 04:00,0.87300000,0.87420000,0.87220000,0.87310000
2002.02.11 08:00,0.87280000,0.87820000,0.87090000,0.87710000
2002.02.11 12:00,0.87710000,0.88030000,0.87630000,0.87810000
2002.02.11 16:00,0.87820000,0.87900000,0.87690000,0.87730000
2002.02.11 20:00,0.87740000,0.87780000,0.87580000,0.87640000
2002.02.12 00:00,0.87670000,0.87780000,0.87620000,0.87710000
2002.02.12 04:00,0.87720000,0.87770000,0.87610000,0.87660000
2002.02.12 08:00,0.87650000,0.88020000,0.87580000,0.87650000
2002.02.12 12:00,0.87660000,0.87790000,0.87400000,0.87730000
2002.02.12 16:00,0.87750000,0.87800000,0.87480000,0.87660000
2002.02.12 20:00,0.87670000,0.87750000,0.87600000,0.87650000
2002.02.13 00:00,0.87640000,0.87720000,0.87530000,0.87580000
2002.02.13 04:00,0.87600000,0.87650000,0.87450000,0.87590000
2002.02.13 08:00,0.87590000,0.87720000,0.87400000,0.87560000
2002.02.13 12:00,0.87550000,0.87610000,0.87200000,0.87310000
2002.02.13 16:00,0.87300000,0.87360000,0.87100000,0.87200000
2002.02.13 20:00,0.87220000,0.87260000,0.87030000,0.87160000
2002.02.14 00:00,0.87150000,0.87320000,0.87050000,0.87260000
2002.02.14 04:00,0.87250000,0.87300000,0.87090000,0.87150000
2002.02.14 08:00,0.87130000,0.87290000,0.86980000,0.87120000
2002.02.14 12:00,0.87120000,0.87180000,0.86800000,0.87070000
2002.02.14 16:00,0.87070000,0.87430000,0.86930000,0.87360000
2002.02.14 20:00,0.87370000,0.87490000,0.87320000,0.87370000
2002.02.15 00:00,0.87410000,0.87460000,0.87220000,0.87300000
2002.02.15 04:00,0.87300000,0.87410000,0.87200000,0.87280000
2002.02.15 08:00,0.87290000,0.87370000,0.87040000,0.87060000
2002.02.15 12:00,0.87080000,0.87310000,0.86940000,0.87270000
2002.02.15 16:00,0.87240000,0.87420000,0.87130000,0.87210000
2002.02.15 20:00,0.87190000,0.87430000,0.87180000,0.87300000
2002.02.18 00:00,0.87320000,0.87440000,0.87280000,0.87380000
2002.02.18 04:00,0.87380000,0.87400000,0.87270000,0.87370000
2002.02.18 08:00,0.87330000,0.87440000,0.87220000,0.87300000
2002.02.18 12:00,0.87240000,0.87300000,0.87010000,0.87060000
2002.02.18 16:00,0.87060000,0.87220000,0.86990000,0.87100000
2002.02.18 20:00,0.87070000,0.87120000,0.87020000,0.87080000
2002.02.19 00:00,0.87060000,0.87110000,0.86930000,0.86950000
2002.02.19 04:00,0.86960000,0.87130000,0.86950000,0.87010000
2002.02.19 08:00,0.87010000,0.87050000,0.86630000,0.86830000
2002.02.19 12:00,0.86830000,0.87110000,0.86800000,0.86970000
2002.02.19 16:00,0.87000000,0.87840000,0.86930000,0.87760000
2002.02.19 20:00,0.87750000,0.87780000,0.87580000,0.87630000
2002.02.20 00:00,0.87630000,0.87750000,0.87560000,0.87670000
2002.02.20 04:00,0.87660000,0.87780000,0.87580000,0.87730000
2002.02.20 08:00,0.87710000,0.87850000,0.87470000,0.87570000
2002.02.20 12:00,0.87580000,0.87620000,0.87190000,0.87260000
2002.02.20 16:00,0.87260000,0.87370000,0.86990000,0.87100000
2002.02.20 20:00,0.87090000,0.87140000,0.86870000,0.86980000
2002.02.21 00:00,0.86950000,0.87120000,0.86910000,0.87070000
2002.02.21 04:00,0.87060000,0.87150000,0.86940000,0.86970000
2002.02.21 08:00,0.86960000,0.87200000,0.86850000,0.87090000
2002.02.21 12:00,0.87090000,0.87190000,0.86950000,0.87030000
2002.02.21 16:00,0.87030000,0.87220000,0.86790000,0.86900000
2002.02.21 20:00,0.86910000,0.87080000,0.86840000,0.87040000
2002.02.22 00:00,0.87040000,0.87140000,0.86910000,0.86990000
2002.02.22 04:00,0.87010000,0.87090000,0.86850000,0.86850000
2002.02.22 08:00,0.86850000,0.87110000,0.86800000,0.87080000
2002.02.22 12:00,0.87060000,0.87690000,0.87040000,0.87500000
2002.02.22 16:00,0.87500000,0.87790000,0.87450000,0.87620000
2002.02.22 20:00,0.87630000,0.87700000,0.87510000,0.87520000
2002.02.25 00:00,0.87530000,0.87590000,0.87440000,0.87510000
2002.02.25 04:00,0.87490000,0.87520000,0.87380000,0.87470000
2002.02.25 08:00,0.87440000,0.87570000,0.87350000,0.87480000
2002.02.25 12:00,0.87520000,0.87540000,0.87060000,0.87060000
2002.02.25 16:00,0.87070000,0.87210000,0.86870000,0.86940000
2002.02.25 20:00,0.86930000,0.87000000,0.86870000,0.86900000
2002.02.26 00:00,0.86900000,0.87050000,0.86900000,0.86990000
2002.02.26 04:00,0.86970000,0.87130000,0.86920000,0.87010000
2002.02.26 08:00,0.87030000,0.87240000,0.86880000,0.86960000
2002.02.26 12:00,0.86960000,0.87000000,0.86640000,0.86760000
2002.02.26 16:00,0.86750000,0.87120000,0.86150000,0.86300000
2002.02.26 20:00,0.86300000,0.86480000,0.86300000,0.86370000
2002.02.27 00:00,0.86380000,0.86600000,0.86300000,0.86480000
2002.02.27 04:00,0.86500000,0.86580000,0.86420000,0.86460000
2002.02.27 08:00,0.86480000,0.86580000,0.86250000,0.86540000
2002.02.27 12:00,0.86570000,0.86620000,0.86320000,0.86490000
2002.02.27 16:00,0.86480000,0.86690000,0.86300000,0.86400000
2002.02.27 20:00,0.86410000,0.86670000,0.86390000,0.86600000
2002.02.28 00:00,0.86610000,0.86660000,0.86450000,0.86510000
2002.02.28 04:00,0.86540000,0.86550000,0.86330000,0.86450000
2002.02.28 08:00,0.86430000,0.86650000,0.86420000,0.86560000
2002.02.28 12:00,0.86540000,0.86630000,0.86330000,0.86430000
2002.02.28 16:00,0.86450000,0.86800000,0.86230000,0.86720000
2002.02.28 20:00,0.86740000,0.86990000,0.86670000,0.86950000
2002.03.01 00:00,0.86930000,0.86970000,0.86710000,0.86820000
2002.03.01 04:00,0.86840000,0.86900000,0.86660000,0.86730000
2002.03.01 08:00,0.86720000,0.86880000,0.86650000,0.86810000
2002.03.01 12:00,0.86830000,0.86940000,0.86700000,0.86800000
2002.03.01 16:00,0.86810000,0.86840000,0.86290000,0.86490000
2002.03.01 20:00,0.86530000,0.86580000,0.86370000,0.86580000
2002.03.04 00:00,0.86470000,0.86690000,0.86470000,0.86620000
2002.03.04 04:00,0.86610000,0.86700000,0.86490000,0.86580000
2002.03.04 08:00,0.86590000,0.86640000,0.86320000,0.86440000
2002.03.04 12:00,0.86410000,0.86830000,0.86310000,0.86740000
2002.03.04 16:00,0.86740000,0.87170000,0.86660000,0.87030000
2002.03.04 20:00,0.87050000,0.87100000,0.86870000,0.86980000
2002.03.05 00:00,0.86950000,0.87080000,0.86910000,0.87020000
2002.03.05 04:00,0.87010000,0.87060000,0.86900000,0.86920000
2002.03.05 08:00,0.86930000,0.87090000,0.86780000,0.86870000
2002.03.05 12:00,0.86900000,0.86920000,0.86610000,0.86720000
2002.03.05 16:00,0.86690000,0.87130000,0.86480000,0.87030000
2002.03.05 20:00,0.87030000,0.87310000,0.86960000,0.87190000
2002.03.06 00:00,0.87170000,0.87230000,0.86960000,0.87050000
2002.03.06 04:00,0.87050000,0.87130000,0.86930000,0.87050000
2002.03.06 08:00,0.87050000,0.87240000,0.87020000,0.87110000
2002.03.06 12:00,0.87130000,0.87440000,0.86960000,0.87270000
2002.03.06 16:00,0.87280000,0.87770000,0.87240000,0.87660000
2002.03.06 20:00,0.87650000,0.87720000,0.87570000,0.87650000
2002.03.07 00:00,0.87600000,0.87820000,0.87580000,0.87720000
2002.03.07 04:00,0.87710000,0.87850000,0.87650000,0.87770000
2002.03.07 08:00,0.87750000,0.88120000,0.87630000,0.87730000
2002.03.07 12:00,0.87740000,0.87930000,0.87390000,0.87910000
2002.03.07 16:00,0.87900000,0.88370000,0.87710000,0.88260000
2002.03.07 20:00,0.88270000,0.88430000,0.88100000,0.88150000
2002.03.08 00:00,0.88150000,0.88190000,0.88020000,0.88090000
2002.03.08 04:00,0.88080000,0.88120000,0.87900000,0.88020000
2002.03.08 08:00,0.88000000,0.88110000,0.87770000,0.87920000
2002.03.08 12:00,0.87910000,0.88070000,0.87500000,0.87590000
2002.03.08 16:00,0.87560000,0.87740000,0.87240000,0.87350000
2002.03.08 20:00,0.87350000,0.87530000,0.87200000,0.87340000
2002.03.11 00:00,0.87370000,0.87500000,0.87320000,0.87420000
2002.03.11 04:00,0.87420000,0.87550000,0.87410000,0.87500000
2002.03.11 08:00,0.87510000,0.87600000,0.87370000,0.87490000
2002.03.11 12:00,0.87490000,0.87660000,0.87320000,0.87550000
2002.03.11 16:00,0.87550000,0.87740000,0.87450000,0.87670000
2002.03.11 20:00,0.87660000,0.87710000,0.87460000,0.87520000
2002.03.12 00:00,0.87550000,0.87630000,0.87370000,0.87460000
2002.03.12 04:00,0.87450000,0.87630000,0.87420000,0.87540000
2002.03.12 08:00,0.87530000,0.87630000,0.87170000,0.87270000
2002.03.12 12:00,0.87280000,0.87450000,0.87100000,0.87190000
2002.03.12 16:00,0.87190000,0.87640000,0.87030000,0.87560000
2002.03.12 20:00,0.87540000,0.87680000,0.87510000,0.87570000
2002.03.13 00:00,0.87530000,0.87590000,0.87420000,0.87480000
2002.03.13 04:00,0.87490000,0.87520000,0.87380000,0.87450000
2002.03.13 08:00,0.87420000,0.87590000,0.87360000,0.87420000
2002.03.13 12:00,0.87390000,0.87730000,0.87240000,0.87630000
2002.03.13 16:00,0.87620000,0.87860000,0.87490000,0.87690000
2002.03.13 20:00,0.87700000,0.87770000,0.87530000,0.87560000
2002.03.14 00:00,0.87570000,0.87780000,0.87530000,0.87740000
2002.03.14 04:00,0.87740000,0.87890000,0.87660000,0.87830000
2002.03.14 08:00,0.87830000,0.88240000,0.87730000,0.88040000
2002.03.14 12:00,0.88030000,0.88450000,0.87980000,0.88420000
2002.03.14 16:00,0.88420000,0.88450000,0.88100000,0.88240000
2002.03.14 20:00,0.88250000,0.88340000,0.88150000,0.88260000
2002.03.15 00:00,0.88230000,0.88430000,0.88200000,0.88350000
2002.03.15 04:00,0.88360000,0.88420000,0.88270000,0.88300000
2002.03.15 08:00,0.88330000,0.88550000,0.88200000,0.88410000
2002.03.15 12:00,0.88410000,0.88650000,0.88070000,0.88490000
2002.03.15 16:00,0.88500000,0.88700000,0.88140000,0.88240000
2002.03.15 20:00,0.88240000,0.88300000,0.88190000,0.88300000
2002.03.18 00:00,0.88120000,0.88190000,0.87960000,0.88060000
2002.03.18 04:00,0.88060000,0.88110000,0.87930000,0.88030000
2002.03.18 08:00,0.88040000,0.88110000,0.87860000,0.88060000
2002.03.18 12:00,0.88050000,0.88090000,0.87820000,0.87930000
2002.03.18 16:00,0.87980000,0.88330000,0.87920000,0.88240000
2002.03.18 20:00,0.88240000,0.88320000,0.88180000,0.88240000
2002.03.19 00:00,0.88220000,0.88340000,0.88180000,0.88250000
2002.03.19 04:00,0.88260000,0.88350000,0.88170000,0.88200000
2002.03.19 08:00,0.88210000,0.88360000,0.88080000,0.88350000
2002.03.19 12:00,0.88350000,0.88470000,0.88210000,0.88220000
2002.03.19 16:00,0.88200000,0.88380000,0.87950000,0.88150000
2002.03.19 20:00,0.88140000,0.88310000,0.88130000,0.88190000
2002.03.20 00:00,0.88150000,0.88240000,0.88030000,0.88160000
2002.03.20 04:00,0.88130000,0.88220000,0.88000000,0.88100000
2002.03.20 08:00,0.88090000,0.88130000,0.87870000,0.87950000
2002.03.20 12:00,0.87960000,0.88430000,0.87870000,0.88320000
2002.03.20 16:00,0.88300000,0.88610000,0.88280000,0.88390000
2002.03.20 20:00,0.88380000,0.88620000,0.88360000,0.88570000
2002.03.21 00:00,0.88560000,0.88620000,0.88380000,0.88390000
2002.03.21 04:00,0.88430000,0.88590000,0.88400000,0.88520000
2002.03.21 08:00,0.88520000,0.88610000,0.88320000,0.88430000
2002.03.21 12:00,0.88440000,0.88470000,0.88050000,0.88110000
2002.03.21 16:00,0.88120000,0.88460000,0.88100000,0.88310000
2002.03.21 20:00,0.88280000,0.88310000,0.88150000,0.88250000
2002.03.22 00:00,0.88280000,0.88300000,0.88170000,0.88210000
2002.03.22 04:00,0.88230000,0.88280000,0.88120000,0.88180000
2002.03.22 08:00,0.88160000,0.88260000,0.87950000,0.88000000
2002.03.22 12:00,0.87970000,0.88170000,0.87860000,0.87960000
2002.03.22 16:00,0.87950000,0.88020000,0.87490000,0.87710000
2002.03.22 20:00,0.87710000,0.87820000,0.87640000,0.87800000
2002.03.25 00:00,0.87730000,0.87750000,0.87550000,0.87610000
2002.03.25 04:00,0.87600000,0.87710000,0.87580000,0.87670000
2002.03.25 08:00,0.87680000,0.87850000,0.87540000,0.87760000
2002.03.25 12:00,0.87750000,0.87830000,0.87520000,0.87600000
2002.03.25 16:00,0.87610000,0.87770000,0.87550000,0.87720000
2002.03.25 20:00,0.87720000,0.87820000,0.87640000,0.87660000
2002.03.26 00:00,0.87680000,0.87780000,0.87650000,0.87700000
2002.03.26 04:00,0.87690000,0.87800000,0.87630000,0.87740000
2002.03.26 08:00,0.87750000,0.87800000,0.87390000,0.87410000
2002.03.26 12:00,0.87400000,0.87980000,0.87310000,0.87830000
2002.03.26 16:00,0.87810000,0.87850000,0.87510000,0.87690000
2002.03.26 20:00,0.87720000,0.87770000,0.87630000,0.87660000
2002.03.27 00:00,0.87670000,0.87730000,0.87540000,0.87590000
2002.03.27 04:00,0.87590000,0.87650000,0.87520000,0.87590000
2002.03.27 08:00,0.87590000,0.87670000,0.87500000,0.87510000
2002.03.27 12:00,0.87560000,0.87590000,0.87370000,0.87470000
2002.03.27 16:00,0.87470000,0.87540000,0.87190000,0.87330000
2002.03.27 20:00,0.87370000,0.87380000,0.87190000,0.87250000
2002.03.28 00:00,0.87240000,0.87430000,0.87200000,0.87360000
2002.03.28 04:00,0.87400000,0.87450000,0.87300000,0.87410000
2002.03.28 08:00,0.87380000,0.87460000,0.87110000,0.87170000
2002.03.28 12:00,0.87140000,0.87350000,0.87100000,0.87250000
2002.03.28 16:00,0.87240000,0.87310000,0.86980000,0.87140000
2002.03.28 20:00,0.87100000,0.87170000,0.86990000,0.87120000
2002.03.29 00:00,0.87140000,0.87200000,0.87080000,0.87180000
2002.03.29 04:00,0.87160000,0.87290000,0.87120000,0.87250000
2002.03.29 08:00,0.87250000,0.87310000,0.87110000,0.87230000
2002.03.29 12:00,0.87240000,0.87300000,0.87090000,0.87160000
2002.03.29 16:00,0.87160000,0.87210000,0.87040000,0.87150000
2002.03.29 20:00,0.87150000,0.87200000,0.87110000,0.87190000
2002.04.01 00:00,0.87120000,0.87380000,0.87110000,0.87330000
2002.04.01 04:00,0.87320000,0.87480000,0.87310000,0.87430000
2002.04.01 08:00,0.87420000,0.87480000,0.87320000,0.87380000
2002.04.01 12:00,0.87400000,0.88130000,0.87320000,0.87960000
2002.04.01 16:00,0.87960000,0.88240000,0.87850000,0.88080000
2002.04.01 20:00,0.88070000,0.88130000,0.87990000,0.88040000
2002.04.02 00:00,0.88060000,0.88080000,0.87870000,0.88040000
2002.04.02 04:00,0.88050000,0.88080000,0.87850000,0.87910000
2002.04.02 08:00,0.87920000,0.87940000,0.87720000,0.87740000
2002.04.02 12:00,0.87760000,0.88170000,0.87730000,0.88140000
2002.04.02 16:00,0.88150000,0.88160000,0.87770000,0.87920000
2002.04.02 20:00,0.87920000,0.88000000,0.87820000,0.87950000
2002.04.03 00:00,0.87940000,0.88000000,0.87740000,0.87820000
2002.04.03 04:00,0.87850000,0.87960000,0.87760000,0.87930000
2002.04.03 08:00,0.87940000,0.88010000,0.87840000,0.87870000
2002.04.03 12:00,0.87870000,0.88140000,0.87860000,0.88080000
2002.04.03 16:00,0.88100000,0.88310000,0.87940000,0.88060000
2002.04.03 20:00,0.88060000,0.88170000,0.88040000,0.88120000
2002.04.04 00:00,0.88090000,0.88160000,0.87990000,0.88110000
2002.04.04 04:00,0.88090000,0.88230000,0.88010000,0.88120000
2002.04.04 08:00,0.88180000,0.88260000,0.88060000,0.88200000
2002.04.04 12:00,0.88170000,0.88590000,0.88140000,0.88240000
2002.04.04 16:00,0.88250000,0.88300000,0.87640000,0.87840000
2002.04.04 20:00,0.87840000,0.87870000,0.87640000,0.87760000
2002.04.05 00:00,0.87760000,0.87920000,0.87730000,0.87820000
2002.04.05 04:00,0.87810000,0.87940000,0.87720000,0.87850000
2002.04.05 08:00,0.87850000,0.87990000,0.87820000,0.87870000
2002.04.05 12:00,0.87840000,0.88100000,0.87740000,0.87950000
2002.04.05 16:00,0.87950000,0.88180000,0.87880000,0.87980000
2002.04.05 20:00,0.87980000,0.88020000,0.87820000,0.87850000
2002.04.08 00:00,0.87910000,0.87950000,0.87760000,0.87830000
2002.04.08 04:00,0.87810000,0.87890000,0.87740000,0.87840000
2002.04.08 08:00,0.87850000,0.87890000,0.87650000,0.87710000
2002.04.08 12:00,0.87740000,0.87930000,0.87550000,0.87630000
2002.04.08 16:00,0.87620000,0.87660000,0.87360000,0.87480000
2002.04.08 20:00,0.87460000,0.87550000,0.87350000,0.87480000
2002.04.09 00:00,0.87490000,0.87550000,0.87410000,0.87420000
2002.04.09 04:00,0.87420000,0.87510000,0.87330000,0.87430000
2002.04.09 08:00,0.87440000,0.87660000,0.87370000,0.87590000
2002.04.09 12:00,0.87580000,0.87770000,0.87550000,0.87750000
2002.04.09 16:00,0.87750000,0.88090000,0.87590000,0.88000000
2002.04.09 20:00,0.87990000,0.88180000,0.87980000,0.88080000
2002.04.10 00:00,0.88110000,0.88170000,0.88000000,0.88110000
2002.04.10 04:00,0.88110000,0.88270000,0.88040000,0.88130000
2002.04.10 08:00,0.88120000,0.88270000,0.88010000,0.88040000
2002.04.10 12:00,0.88070000,0.88180000,0.87910000,0.87990000
2002.04.10 16:00,0.87970000,0.88100000,0.87860000,0.88020000
2002.04.10 20:00,0.88030000,0.88100000,0.87960000,0.88050000
2002.04.11 00:00,0.88020000,0.88110000,0.87930000,0.87970000
2002.04.11 04:00,0.87980000,0.88060000,0.87880000,0.88000000
2002.04.11 08:00,0.88000000,0.88150000,0.87930000,0.88040000
2002.04.11 12:00,0.88030000,0.88420000,0.87880000,0.88310000
2002.04.11 16:00,0.88310000,0.88500000,0.88210000,0.88260000
2002.04.11 20:00,0.88280000,0.88400000,0.88160000,0.88200000
2002.04.12 00:00,0.88200000,0.88260000,0.88100000,0.88170000
2002.04.12 04:00,0.88210000,0.88290000,0.88060000,0.88120000
2002.04.12 08:00,0.88160000,0.88190000,0.87980000,0.88060000
2002.04.12 12:00,0.88090000,0.88130000,0.87740000,0.87880000
2002.04.12 16:00,0.87880000,0.88000000,0.87800000,0.87950000
2002.04.12 20:00,0.87960000,0.88090000,0.87880000,0.88090000
2002.04.15 00:00,0.87970000,0.88110000,0.87910000,0.88080000
2002.04.15 04:00,0.88070000,0.88240000,0.88020000,0.88200000
2002.04.15 08:00,0.88130000,0.88260000,0.88070000,0.88110000
2002.04.15 12:00,0.88110000,0.88150000,0.87880000,0.87960000
2002.04.15 16:00,0.87980000,0.88140000,0.87920000,0.88070000
2002.04.15 20:00,0.88070000,0.88100000,0.87910000,0.87950000
2002.04.16 00:00,0.87950000,0.88100000,0.87910000,0.88050000
2002.04.16 04:00,0.88020000,0.88210000,0.87990000,0.88090000
2002.04.16 08:00,0.88130000,0.88170000,0.87890000,0.88040000
2002.04.16 12:00,0.88020000,0.88110000,0.87940000,0.88080000
2002.04.16 16:00,0.88090000,0.88420000,0.88060000,0.88310000
2002.04.16 20:00,0.88290000,0.88340000,0.88150000,0.88240000
2002.04.17 00:00,0.88200000,0.88360000,0.88170000,0.88290000
2002.04.17 04:00,0.88290000,0.88420000,0.88240000,0.88340000
2002.04.17 08:00,0.88360000,0.88890000,0.88280000,0.88810000
2002.04.17 12:00,0.88780000,0.88990000,0.88680000,0.88870000
2002.04.17 16:00,0.88860000,0.88960000,0.88740000,0.88850000
2002.04.17 20:00,0.88840000,0.89130000,0.88810000,0.89040000
2002.04.18 00:00,0.89000000,0.89170000,0.88970000,0.89140000
2002.04.18 04:00,0.89110000,0.89150000,0.88930000,0.88980000
2002.04.18 08:00,0.88990000,0.89180000,0.88880000,0.88920000
2002.04.18 12:00,0.88910000,0.89200000,0.88800000,0.89090000
2002.04.18 16:00,0.89080000,0.89220000,0.88560000,0.88920000
2002.04.18 20:00,0.88930000,0.89170000,0.88900000,0.89080000
2002.04.19 00:00,0.89070000,0.89170000,0.89020000,0.89090000
2002.04.19 04:00,0.89120000,0.89290000,0.89080000,0.89200000
2002.04.19 08:00,0.89180000,0.89230000,0.88980000,0.89160000
2002.04.19 12:00,0.89160000,0.89200000,0.88790000,0.88810000
2002.04.19 16:00,0.88810000,0.89190000,0.88780000,0.89160000
2002.04.19 20:00,0.89160000,0.89270000,0.89100000,0.89220000
2002.04.22 00:00,0.88940000,0.89090000,0.88770000,0.88910000
2002.04.22 04:00,0.88940000,0.89050000,0.88890000,0.88920000
2002.04.22 08:00,0.88950000,0.89020000,0.88780000,0.88880000
2002.04.22 12:00,0.88910000,0.88930000,0.88670000,0.88870000
2002.04.22 16:00,0.88860000,0.88930000,0.88730000,0.88870000
2002.04.22 20:00,0.88870000,0.89010000,0.88860000,0.88960000
2002.04.23 00:00,0.88950000,0.88980000,0.88800000,0.88830000
2002.04.23 04:00,0.88840000,0.88900000,0.88730000,0.88740000
2002.04.23 08:00,0.88740000,0.88790000,0.88580000,0.88730000
2002.04.23 12:00,0.88730000,0.88980000,0.88640000,0.88900000
2002.04.23 16:00,0.88900000,0.89060000,0.88850000,0.88880000
2002.04.23 20:00,0.88880000,0.88980000,0.88800000,0.88870000
2002.04.24 00:00,0.88860000,0.88910000,0.88740000,0.88850000
2002.04.24 04:00,0.88810000,0.88950000,0.88730000,0.88870000
2002.04.24 08:00,0.88880000,0.89040000,0.88760000,0.88990000
2002.04.24 12:00,0.88990000,0.89270000,0.88870000,0.89180000
2002.04.24 16:00,0.89190000,0.89320000,0.89090000,0.89210000
2002.04.24 20:00,0.89240000,0.89340000,0.89170000,0.89270000
2002.04.25 00:00,0.89220000,0.89320000,0.89150000,0.89230000
2002.04.25 04:00,0.89230000,0.89310000,0.89180000,0.89280000
2002.04.25 08:00,0.89280000,0.89820000,0.89250000,0.89780000
2002.04.25 12:00,0.89770000,0.89910000,0.89630000,0.89850000
2002.04.25 16:00,0.89860000,0.89940000,0.89700000,0.89780000
2002.04.25 20:00,0.89770000,0.89900000,0.89720000,0.89770000
2002.04.26 00:00,0.89750000,0.89920000,0.89720000,0.89780000
2002.04.26 04:00,0.89750000,0.89870000,0.89730000,0.89770000
2002.04.26 08:00,0.89810000,0.89970000,0.89610000,0.89740000
2002.04.26 12:00,0.89760000,0.89950000,0.89600000,0.89840000
2002.04.26 16:00,0.89840000,0.90180000,0.89730000,0.90140000
2002.04.26 20:00,0.90140000,0.90260000,0.90050000,0.90150000
2002.04.29 00:00,0.90130000,0.90250000,0.90090000,0.90170000
2002.04.29 04:00,0.90210000,0.90280000,0.90080000,0.90200000
2002.04.29 08:00,0.90220000,0.90490000,0.90080000,0.90420000
2002.04.29 12:00,0.90380000,0.90470000,0.90070000,0.90140000
2002.04.29 16:00,0.90170000,0.90330000,0.90090000,0.90210000
2002.04.29 20:00,0.90220000,0.90430000,0.90200000,0.90320000
2002.04.30 00:00,0.90320000,0.90420000,0.90230000,0.90390000
2002.04.30 04:00,0.90360000,0.90450000,0.90280000,0.90310000
2002.04.30 08:00,0.90320000,0.90420000,0.90080000,0.90090000
2002.04.30 12:00,0.90090000,0.90290000,0.90010000,0.90240000
2002.04.30 16:00,0.90230000,0.90290000,0.89880000,0.90050000
2002.04.30 20:00,0.90060000,0.90130000,0.89930000,0.90050000
2002.05.01 00:00,0.90050000,0.90080000,0.89900000,0.89980000
2002.05.01 04:00,0.90010000,0.90120000,0.89970000,0.90070000
2002.05.01 08:00,0.90070000,0.90180000,0.89990000,0.90100000
2002.05.01 12:00,0.90120000,0.90180000,0.89960000,0.90010000
2002.05.01 16:00,0.90000000,0.90890000,0.89990000,0.90590000
2002.05.01 20:00,0.90580000,0.90680000,0.90470000,0.90630000
2002.05.02 00:00,0.90630000,0.90780000,0.90590000,0.90740000
2002.05.02 04:00,0.90750000,0.90830000,0.90620000,0.90700000
2002.05.02 08:00,0.90700000,0.90730000,0.90460000,0.90540000
2002.05.02 12:00,0.90540000,0.90610000,0.90250000,0.90440000
2002.05.02 16:00,0.90420000,0.90500000,0.90170000,0.90210000
2002.05.02 20:00,0.90220000,0.90380000,0.90100000,0.90300000
2002.05.03 00:00,0.90310000,0.90370000,0.90240000,0.90340000
2002.05.03 04:00,0.90320000,0.90400000,0.90280000,0.90310000
2002.05.03 08:00,0.90300000,0.90750000,0.90240000,0.90660000
2002.05.03 12:00,0.90680000,0.91080000,0.90570000,0.90970000
2002.05.03 16:00,0.90960000,0.91780000,0.90910000,0.91700000
2002.05.03 20:00,0.91700000,0.91780000,0.91610000,0.91730000
2002.05.06 00:00,0.91640000,0.91740000,0.91510000,0.91580000
2002.05.06 04:00,0.91590000,0.91680000,0.91530000,0.91610000
2002.05.06 08:00,0.91550000,0.91650000,0.91400000,0.91520000
2002.05.06 12:00,0.91490000,0.91550000,0.91330000,0.91480000
2002.05.06 16:00,0.91500000,0.91720000,0.91480000,0.91620000
2002.05.06 20:00,0.91630000,0.91880000,0.91520000,0.91790000
2002.05.07 00:00,0.91810000,0.91910000,0.91740000,0.91860000
2002.05.07 04:00,0.91860000,0.91890000,0.91720000,0.91810000
2002.05.07 08:00,0.91800000,0.91930000,0.91410000,0.91550000
2002.05.07 12:00,0.91560000,0.91700000,0.91150000,0.91220000
2002.05.07 16:00,0.91230000,0.91570000,0.91140000,0.91420000
2002.05.07 20:00,0.91430000,0.91600000,0.91370000,0.91430000
2002.05.08 00:00,0.91410000,0.91470000,0.91210000,0.91320000
2002.05.08 04:00,0.91320000,0.91470000,0.91290000,0.91440000
2002.05.08 08:00,0.91430000,0.91430000,0.90870000,0.90990000
2002.05.08 12:00,0.91010000,0.91050000,0.90780000,0.90970000
2002.05.08 16:00,0.90980000,0.91010000,0.90360000,0.90540000
2002.05.08 20:00,0.90550000,0.90590000,0.90380000,0.90490000
2002.05.09 00:00,0.90490000,0.90550000,0.90370000,0.90480000
2002.05.09 04:00,0.90480000,0.90660000,0.90450000,0.90570000
2002.05.09 08:00,0.90570000,0.90680000,0.90400000,0.90610000
2002.05.09 12:00,0.90590000,0.90760000,0.90470000,0.90530000
2002.05.09 16:00,0.90490000,0.91160000,0.90470000,0.90880000
2002.05.09 20:00,0.90880000,0.91010000,0.90830000,0.90970000
2002.05.10 00:00,0.90970000,0.91130000,0.90840000,0.91080000
2002.05.10 04:00,0.91100000,0.91360000,0.91060000,0.91190000
2002.05.10 08:00,0.91210000,0.91530000,0.91150000,0.91250000
2002.05.10 12:00,0.91260000,0.91400000,0.91050000,0.91270000
2002.05.10 16:00,0.91260000,0.91420000,0.91100000,0.91320000
2002.05.10 20:00,0.91320000,0.91460000,0.91220000,0.91400000
2002.05.13 00:00,0.91290000,0.91470000,0.91220000,0.91400000
2002.05.13 04:00,0.91390000,0.91480000,0.91300000,0.91350000
2002.05.13 08:00,0.91340000,0.91710000,0.91320000,0.91590000
2002.05.13 12:00,0.91580000,0.91630000,0.91070000,0.91180000
2002.05.13 16:00,0.91170000,0.91290000,0.90940000,0.91150000
2002.05.13 20:00,0.91140000,0.91260000,0.91070000,0.91210000
2002.05.14 00:00,0.91170000,0.91230000,0.90960000,0.90990000
2002.05.14 04:00,0.91010000,0.91050000,0.90780000,0.90830000
2002.05.14 08:00,0.90840000,0.90900000,0.90500000,0.90710000
2002.05.14 12:00,0.90720000,0.90750000,0.90130000,0.90290000
2002.05.14 16:00,0.90300000,0.90390000,0.90100000,0.90270000
2002.05.14 20:00,0.90230000,0.90340000,0.90150000,0.90240000
2002.05.15 00:00,0.90280000,0.90330000,0.90020000,0.90040000
2002.05.15 04:00,0.90050000,0.90190000,0.89940000,0.90130000
2002.05.15 08:00,0.90120000,0.90410000,0.90100000,0.90320000
2002.05.15 12:00,0.90320000,0.90760000,0.90200000,0.90690000
2002.05.15 16:00,0.90680000,0.90960000,0.90610000,0.90740000
2002.05.15 20:00,0.90750000,0.91300000,0.90740000,0.91220000
2002.05.16 00:00,0.91210000,0.91250000,0.91060000,0.91210000
2002.05.16 04:00,0.91220000,0.91270000,0.91100000,0.91160000
2002.05.16 08:00,0.91150000,0.91440000,0.91020000,0.91050000
2002.05.16 12:00,0.91050000,0.91410000,0.91000000,0.91300000
2002.05.16 16:00,0.91330000,0.91340000,0.90850000,0.91250000
2002.05.16 20:00,0.91230000,0.91260000,0.91090000,0.91180000
2002.05.17 00:00,0.91170000,0.91360000,0.91120000,0.91290000
2002.05.17 04:00,0.91280000,0.91410000,0.91210000,0.91260000
2002.05.17 08:00,0.91290000,0.91630000,0.91260000,0.91460000
2002.05.17 12:00,0.91450000,0.91970000,0.91350000,0.91740000
2002.05.17 16:00,0.91720000,0.92200000,0.91630000,0.92150000
2002.05.17 20:00,0.92110000,0.92240000,0.91960000,0.92110000
2002.05.20 00:00,0.92060000,0.92170000,0.91950000,0.92020000
2002.05.20 04:00,0.92030000,0.92160000,0.91990000,0.92060000
2002.05.20 08:00,0.92050000,0.92320000,0.91880000,0.91970000
2002.05.20 12:00,0.92030000,0.92200000,0.91800000,0.91980000
2002.05.20 16:00,0.91980000,0.92230000,0.91920000,0.92170000
2002.05.20 20:00,0.92180000,0.92300000,0.92050000,0.92080000
2002.05.21 00:00,0.92040000,0.92200000,0.91780000,0.91840000
2002.05.21 04:00,0.91860000,0.91880000,0.91680000,0.91840000
2002.05.21 08:00,0.91830000,0.92170000,0.91720000,0.91980000
2002.05.21 12:00,0.91980000,0.92230000,0.91610000,0.91820000
2002.05.21 16:00,0.91830000,0.92140000,0.91730000,0.92060000
2002.05.21 20:00,0.92070000,0.92120000,0.91850000,0.91940000
2002.05.22 00:00,0.91910000,0.91950000,0.91790000,0.91940000
2002.05.22 04:00,0.91940000,0.92490000,0.91900000,0.92070000
2002.05.22 08:00,0.92020000,0.92770000,0.91960000,0.92690000
2002.05.22 12:00,0.92700000,0.92800000,0.92420000,0.92460000
2002.05.22 16:00,0.92490000,0.92800000,0.92390000,0.92600000
2002.05.22 20:00,0.92580000,0.92680000,0.92490000,0.92590000
2002.05.23 00:00,0.92580000,0.92660000,0.92420000,0.92510000
2002.05.23 04:00,0.92520000,0.92620000,0.92430000,0.92510000
2002.05.23 08:00,0.92500000,0.92730000,0.92310000,0.92500000
2002.05.23 12:00,0.92510000,0.92560000,0.91800000,0.92120000
2002.05.23 16:00,0.92120000,0.92410000,0.92060000,0.92250000
2002.05.23 20:00,0.92240000,0.92280000,0.92080000,0.92140000
2002.05.24 00:00,0.92150000,0.92180000,0.91950000,0.92010000
2002.05.24 04:00,0.92010000,0.92080000,0.91880000,0.91930000
2002.05.24 08:00,0.91940000,0.92130000,0.91610000,0.91770000
2002.05.24 12:00,0.91790000,0.92120000,0.91740000,0.91990000
2002.05.24 16:00,0.92000000,0.92330000,0.91930000,0.92050000
2002.05.24 20:00,0.92050000,0.92190000,0.91940000,0.92030000
2002.05.27 00:00,0.92050000,0.92170000,0.92010000,0.92110000
2002.05.27 04:00,0.92070000,0.92210000,0.92040000,0.92080000
2002.05.27 08:00,0.92090000,0.92260000,0.91860000,0.92080000
2002.05.27 12:00,0.92090000,0.92140000,0.91820000,0.91980000
2002.05.27 16:00,0.91970000,0.92200000,0.91900000,0.92100000
2002.05.27 20:00,0.92100000,0.92210000,0.91990000,0.92090000
2002.05.28 00:00,0.92110000,0.92170000,0.91970000,0.92120000
2002.05.28 04:00,0.92120000,0.92220000,0.92010000,0.92040000
2002.05.28 08:00,0.92030000,0.92770000,0.92020000,0.92590000
2002.05.28 12:00,0.92590000,0.92700000,0.92460000,0.92540000
2002.05.28 16:00,0.92570000,0.93110000,0.92540000,0.92910000
2002.05.28 20:00,0.92900000,0.92980000,0.92790000,0.92860000
2002.05.29 00:00,0.92850000,0.92960000,0.92740000,0.92850000
2002.05.29 04:00,0.92850000,0.92950000,0.92770000,0.92890000
2002.05.29 08:00,0.92870000,0.93190000,0.92710000,0.93130000
2002.05.29 12:00,0.93120000,0.93260000,0.92960000,0.93150000
2002.05.29 16:00,0.93180000,0.93630000,0.93020000,0.93480000
2002.05.29 20:00,0.93480000,0.93720000,0.93400000,0.93540000
2002.05.30 00:00,0.93530000,0.93740000,0.93470000,0.93680000
2002.05.30 04:00,0.93710000,0.93730000,0.93570000,0.93620000
2002.05.30 08:00,0.93620000,0.93970000,0.93570000,0.93710000
2002.05.30 12:00,0.93720000,0.94000000,0.93470000,0.93930000
2002.05.30 16:00,0.93920000,0.94160000,0.93640000,0.94050000
2002.05.30 20:00,0.94090000,0.94100000,0.93640000,0.93660000
2002.05.31 00:00,0.93660000,0.93770000,0.93590000,0.93670000
2002.05.31 04:00,0.93680000,0.94020000,0.93540000,0.93930000
2002.05.31 08:00,0.93930000,0.93930000,0.93620000,0.93780000
2002.05.31 12:00,0.93800000,0.93920000,0.93620000,0.93770000
2002.05.31 16:00,0.93760000,0.93790000,0.92830000,0.93150000
2002.05.31 20:00,0.93150000,0.93470000,0.93100000,0.93370000
2002.06.03 00:00,0.93250000,0.93300000,0.93060000,0.93150000
2002.06.03 04:00,0.93150000,0.93270000,0.93070000,0.93130000
2002.06.03 08:00,0.93130000,0.93320000,0.93100000,0.93250000
2002.06.03 12:00,0.93220000,0.93340000,0.93020000,0.93300000
2002.06.03 16:00,0.93300000,0.93990000,0.93160000,0.93760000
2002.06.03 20:00,0.93770000,0.94230000,0.93710000,0.94050000
2002.06.04 00:00,0.94050000,0.94140000,0.93920000,0.94000000
2002.06.04 04:00,0.94020000,0.94310000,0.94020000,0.94170000
2002.06.04 08:00,0.94190000,0.94490000,0.94090000,0.94370000
2002.06.04 12:00,0.94380000,0.94550000,0.94050000,0.94370000
2002.06.04 16:00,0.94360000,0.94470000,0.94160000,0.94250000
2002.06.04 20:00,0.94250000,0.94300000,0.93870000,0.93920000
2002.06.05 00:00,0.93920000,0.94130000,0.93880000,0.94100000
2002.06.05 04:00,0.94070000,0.94200000,0.93960000,0.94010000
2002.06.05 08:00,0.94020000,0.94100000,0.93580000,0.93790000
2002.06.05 12:00,0.93790000,0.93930000,0.93550000,0.93630000
2002.06.05 16:00,0.93640000,0.94000000,0.93510000,0.93930000
2002.06.05 20:00,0.93950000,0.94020000,0.93860000,0.93930000
2002.06.06 00:00,0.93920000,0.94010000,0.93810000,0.93910000
2002.06.06 04:00,0.93870000,0.93940000,0.93650000,0.93690000
2002.06.06 08:00,0.93700000,0.93840000,0.93360000,0.93790000
2002.06.06 12:00,0.93800000,0.94520000,0.93690000,0.94440000
2002.06.06 16:00,0.94430000,0.94740000,0.94340000,0.94490000
2002.06.06 20:00,0.94490000,0.94820000,0.94400000,0.94720000
2002.06.07 00:00,0.94680000,0.94800000,0.94580000,0.94770000
2002.06.07 04:00,0.94760000,0.94830000,0.94610000,0.94740000
2002.06.07 08:00,0.94740000,0.94890000,0.94420000,0.94490000
2002.06.07 12:00,0.94490000,0.94900000,0.94290000,0.94610000
2002.06.07 16:00,0.94610000,0.94700000,0.94280000,0.94450000
2002.06.07 20:00,0.94460000,0.94490000,0.94260000,0.94260000
2002.06.10 00:00,0.94310000,0.94450000,0.94280000,0.94360000
2002.06.10 04:00,0.94350000,0.94360000,0.93870000,0.94140000
2002.06.10 08:00,0.94150000,0.94590000,0.93930000,0.94570000
2002.06.10 12:00,0.94540000,0.94820000,0.94460000,0.94660000
2002.06.10 16:00,0.94670000,0.94840000,0.94130000,0.94310000
2002.06.10 20:00,0.94290000,0.94510000,0.94180000,0.94410000
2002.06.11 00:00,0.94410000,0.94470000,0.94300000,0.94420000
2002.06.11 04:00,0.94390000,0.94560000,0.94390000,0.94430000
2002.06.11 08:00,0.94420000,0.94760000,0.94240000,0.94560000
2002.06.11 12:00,0.94530000,0.94630000,0.94030000,0.94270000
2002.06.11 16:00,0.94260000,0.94710000,0.94200000,0.94620000
2002.06.11 20:00,0.94610000,0.94970000,0.94570000,0.94810000
2002.06.12 00:00,0.94820000,0.94880000,0.94660000,0.94730000
2002.06.12 04:00,0.94750000,0.94880000,0.94670000,0.94790000
2002.06.12 08:00,0.94770000,0.95080000,0.94720000,0.94850000
2002.06.12 12:00,0.94860000,0.94900000,0.94450000,0.94680000
2002.06.12 16:00,0.94670000,0.94800000,0.94350000,0.94420000
2002.06.12 20:00,0.94410000,0.94580000,0.94250000,0.94330000
2002.06.13 00:00,0.94350000,0.94480000,0.94270000,0.94370000
2002.06.13 04:00,0.94370000,0.94530000,0.94210000,0.94460000
2002.06.13 08:00,0.94450000,0.94480000,0.93950000,0.94050000
2002.06.13 12:00,0.94090000,0.94650000,0.94020000,0.94490000
2002.06.13 16:00,0.94490000,0.94770000,0.94130000,0.94290000
2002.06.13 20:00,0.94290000,0.94400000,0.94170000,0.94300000
2002.06.14 00:00,0.94310000,0.94340000,0.94130000,0.94310000
2002.06.14 04:00,0.94290000,0.94560000,0.94200000,0.94460000
2002.06.14 08:00,0.94460000,0.94870000,0.94230000,0.94750000
2002.06.14 12:00,0.94700000,0.95150000,0.94670000,0.95060000
2002.06.14 16:00,0.95040000,0.95240000,0.94310000,0.94570000
2002.06.14 20:00,0.94560000,0.94700000,0.94450000,0.94540000
2002.06.17 00:00,0.94470000,0.94560000,0.94410000,0.94480000
2002.06.17 04:00,0.94480000,0.94640000,0.94430000,0.94560000
2002.06.17 08:00,0.94540000,0.94690000,0.94220000,0.94310000
2002.06.17 12:00,0.94280000,0.94410000,0.94110000,0.94310000
2002.06.17 16:00,0.94320000,0.94520000,0.94230000,0.94430000
2002.06.17 20:00,0.94430000,0.94500000,0.94330000,0.94460000
2002.06.18 00:00,0.94440000,0.94620000,0.94350000,0.94610000
2002.06.18 04:00,0.94600000,0.94810000,0.94560000,0.94710000
2002.06.18 08:00,0.94710000,0.94860000,0.94520000,0.94670000
2002.06.18 12:00,0.94670000,0.95000000,0.94620000,0.94850000
2002.06.18 16:00,0.94840000,0.95160000,0.94750000,0.95110000
2002.06.18 20:00,0.95100000,0.95280000,0.95030000,0.95260000
2002.06.19 00:00,0.95210000,0.95400000,0.95150000,0.95270000
2002.06.19 04:00,0.95290000,0.95450000,0.95250000,0.95370000
2002.06.19 08:00,0.95330000,0.95770000,0.95300000,0.95730000
2002.06.19 12:00,0.95740000,0.95820000,0.95500000,0.95650000
2002.06.19 16:00,0.95660000,0.95740000,0.95390000,0.95570000
2002.06.19 20:00,0.95550000,0.95820000,0.95530000,0.95730000
2002.06.20 00:00,0.95710000,0.95850000,0.95560000,0.95630000
2002.06.20 04:00,0.95620000,0.95860000,0.95590000,0.95770000
2002.06.20 08:00,0.95780000,0.95950000,0.95700000,0.95740000
2002.06.20 12:00,0.95740000,0.96320000,0.95720000,0.96190000
2002.06.20 16:00,0.96180000,0.96510000,0.96130000,0.96320000
2002.06.20 20:00,0.96310000,0.96690000,0.96270000,0.96440000
2002.06.21 00:00,0.96400000,0.96580000,0.96320000,0.96520000
2002.06.21 04:00,0.96530000,0.96680000,0.96490000,0.96570000
2002.06.21 08:00,0.96570000,0.96710000,0.96300000,0.96380000
2002.06.21 12:00,0.96400000,0.96700000,0.96300000,0.96620000
2002.06.21 16:00,0.96610000,0.97220000,0.96550000,0.97170000
2002.06.21 20:00,0.97140000,0.97210000,0.96920000,0.97050000
2002.06.24 00:00,0.96990000,0.97310000,0.96850000,0.97150000
2002.06.24 04:00,0.97160000,0.97290000,0.96780000,0.97070000
2002.06.24 08:00,0.97070000,0.98170000,0.97040000,0.97820000
2002.06.24 12:00,0.97800000,0.98060000,0.97670000,0.97860000
2002.06.24 16:00,0.97870000,0.97980000,0.97280000,0.97340000
2002.06.24 20:00,0.97350000,0.97390000,0.96880000,0.97050000
2002.06.25 00:00,0.97050000,0.97140000,0.96610000,0.96770000
2002.06.25 04:00,0.96750000,0.97200000,0.96710000,0.97000000
2002.06.25 08:00,0.97010000,0.97400000,0.96930000,0.97140000
2002.06.25 12:00,0.97130000,0.97350000,0.96980000,0.97290000
2002.06.25 16:00,0.97310000,0.97830000,0.96710000,0.97690000
2002.06.25 20:00,0.97740000,0.98030000,0.97550000,0.97930000
2002.06.26 00:00,0.97890000,0.98790000,0.97880000,0.98680000
2002.06.26 04:00,0.98690000,0.98840000,0.98460000,0.98770000
2002.06.26 08:00,0.98810000,0.99420000,0.98690000,0.99090000
2002.06.26 12:00,0.99080000,0.99470000,0.98880000,0.98900000
2002.06.26 16:00,0.98910000,0.99290000,0.98150000,0.98710000
2002.06.26 20:00,0.98720000,0.99100000,0.97860000,0.98240000
2002.06.27 00:00,0.98240000,0.98510000,0.98180000,0.98510000
2002.06.27 04:00,0.98490000,0.98620000,0.98370000,0.98530000
2002.06.27 08:00,0.98520000,0.98700000,0.98320000,0.98450000
2002.06.27 12:00,0.98440000,0.98650000,0.98080000,0.98530000
2002.06.27 16:00,0.98530000,0.98990000,0.98260000,0.98670000
2002.06.27 20:00,0.98660000,0.99020000,0.98420000,0.98820000
2002.06.28 00:00,0.98810000,0.99160000,0.98710000,0.98860000
2002.06.28 04:00,0.98860000,0.99020000,0.98690000,0.98760000
2002.06.28 08:00,0.98780000,0.99550000,0.98730000,0.99460000
2002.06.28 12:00,0.99480000,0.99920000,0.99140000,0.99270000
2002.06.28 16:00,0.99260000,0.99500000,0.98370000,0.99030000
2002.06.28 20:00,0.99040000,0.99280000,0.98970000,0.99110000
2002.07.01 00:00,0.99110000,0.99420000,0.99110000,0.99380000
2002.07.01 04:00,0.99380000,0.99550000,0.99300000,0.99390000
2002.07.01 08:00,0.99370000,0.99730000,0.99100000,0.99210000
2002.07.01 12:00,0.99210000,0.99280000,0.98780000,0.98870000
2002.07.01 16:00,0.98890000,0.99010000,0.98610000,0.98770000
2002.07.01 20:00,0.98780000,0.99220000,0.98650000,0.99130000
2002.07.02 00:00,0.99090000,0.99220000,0.98620000,0.98740000
2002.07.02 04:00,0.98750000,0.98830000,0.98200000,0.98370000
2002.07.02 08:00,0.98400000,0.98530000,0.97970000,0.98110000
2002.07.02 12:00,0.98120000,0.98730000,0.98040000,0.98540000
2002.07.02 16:00,0.98530000,0.98750000,0.98070000,0.98150000
2002.07.02 20:00,0.98150000,0.98740000,0.98080000,0.98640000
2002.07.03 00:00,0.98610000,0.98640000,0.98160000,0.98210000
2002.07.03 04:00,0.98240000,0.98510000,0.98200000,0.98260000
2002.07.03 08:00,0.98250000,0.98340000,0.97690000,0.98170000
2002.07.03 12:00,0.98160000,0.98350000,0.97670000,0.97850000
2002.07.03 16:00,0.97830000,0.98280000,0.97770000,0.98110000
2002.07.03 20:00,0.98110000,0.98150000,0.97940000,0.98050000
2002.07.04 00:00,0.98030000,0.98100000,0.97660000,0.97750000
2002.07.04 04:00,0.97740000,0.97810000,0.97490000,0.97650000
2002.07.04 08:00,0.97650000,0.97820000,0.97520000,0.97600000
2002.07.04 12:00,0.97570000,0.97970000,0.97460000,0.97870000
2002.07.04 16:00,0.97870000,0.98010000,0.97800000,0.97830000
2002.07.04 20:00,0.97810000,0.98200000,0.97650000,0.97880000
2002.07.05 00:00,0.97860000,0.97880000,0.97400000,0.97510000
2002.07.05 04:00,0.97490000,0.97710000,0.97430000,0.97630000
2002.07.05 08:00,0.97610000,0.97690000,0.97250000,0.97350000
2002.07.05 12:00,0.97370000,0.97590000,0.97140000,0.97500000
2002.07.05 16:00,0.97520000,0.97520000,0.97180000,0.97370000
2002.07.05 20:00,0.97360000,0.97420000,0.97230000,0.97300000
2002.07.08 00:00,0.97450000,0.98280000,0.97400000,0.98260000
2002.07.08 04:00,0.98260000,0.98710000,0.98220000,0.98610000
2002.07.08 08:00,0.98600000,0.98760000,0.98410000,0.98510000
2002.07.08 12:00,0.98500000,0.98560000,0.98190000,0.98410000
2002.07.08 16:00,0.98440000,0.98840000,0.98410000,0.98640000
2002.07.08 20:00,0.98650000,0.99170000,0.98550000,0.99110000
2002.07.09 00:00,0.99050000,0.99130000,0.98790000,0.98840000
2002.07.09 04:00,0.98840000,0.98980000,0.98710000,0.98880000
2002.07.09 08:00,0.98910000,0.99070000,0.98720000,0.99020000
2002.07.09 12:00,0.98980000,0.99520000,0.98910000,0.99360000
2002.07.09 16:00,0.99330000,0.99560000,0.99060000,0.99350000
2002.07.09 20:00,0.99330000,0.99530000,0.99250000,0.99300000
2002.07.10 00:00,0.99300000,0.99320000,0.98850000,0.98930000
2002.07.10 04:00,0.98950000,0.99210000,0.98870000,0.99170000
2002.07.10 08:00,0.99180000,0.99710000,0.99160000,0.99340000
2002.07.10 12:00,0.99330000,0.99500000,0.98740000,0.99100000
2002.07.10 16:00,0.99080000,0.99160000,0.98580000,0.98940000
2002.07.10 20:00,0.98920000,0.99180000,0.98770000,0.98900000
2002.07.11 00:00,0.98880000,0.99100000,0.98730000,0.98860000
2002.07.11 04:00,0.98850000,0.98920000,0.98660000,0.98820000
2002.07.11 08:00,0.98830000,0.99010000,0.98470000,0.98570000
2002.07.11 12:00,0.98560000,0.98710000,0.98320000,0.98490000
2002.07.11 16:00,0.98500000,0.99410000,0.98430000,0.99110000
2002.07.11 20:00,0.99120000,0.99200000,0.98720000,0.98790000
2002.07.12 00:00,0.98780000,0.98850000,0.98530000,0.98650000
2002.07.12 04:00,0.98640000,0.98840000,0.98530000,0.98760000
2002.07.12 08:00,0.98760000,0.99080000,0.98500000,0.98900000
2002.07.12 12:00,0.98900000,0.99260000,0.98650000,0.99050000
2002.07.12 16:00,0.99070000,0.99190000,0.98770000,0.98980000
2002.07.12 20:00,0.98980000,0.99210000,0.98950000,0.99060000
2002.07.15 00:00,0.99160000,0.99450000,0.99130000,0.99370000
2002.07.15 04:00,0.99370000,0.99520000,0.99340000,0.99480000
2002.07.15 08:00,0.99450000,0.99690000,0.99390000,0.99620000
2002.07.15 12:00,0.99610000,1.00570000,0.99600000,1.00430000
2002.07.15 16:00,1.00470000,1.00910000,1.00460000,1.00730000
2002.07.15 20:00,1.00720000,1.00900000,1.00250000,1.00330000
2002.07.16 00:00,1.00340000,1.00840000,1.00310000,1.00780000
2002.07.16 04:00,1.00760000,1.00930000,1.00650000,1.00660000
2002.07.16 08:00,1.00680000,1.01410000,1.00460000,1.01260000
2002.07.16 12:00,1.01300000,1.01500000,1.00940000,1.01150000
2002.07.16 16:00,1.01150000,1.01490000,1.00550000,1.00770000
2002.07.16 20:00,1.00790000,1.01360000,1.00660000,1.01240000
2002.07.17 00:00,1.01230000,1.01300000,1.00820000,1.00930000
2002.07.17 04:00,1.00940000,1.01330000,1.00850000,1.01280000
2002.07.17 08:00,1.01270000,1.01640000,1.00770000,1.00950000
2002.07.17 12:00,1.00930000,1.00980000,1.00320000,1.00570000
2002.07.17 16:00,1.00600000,1.01240000,1.00390000,1.00830000
2002.07.17 20:00,1.00820000,1.01050000,1.00610000,1.00680000
2002.07.18 00:00,1.00690000,1.00880000,1.00530000,1.00600000
2002.07.18 04:00,1.00600000,1.00990000,1.00440000,1.00780000
2002.07.18 08:00,1.00790000,1.00840000,1.00390000,1.00580000
2002.07.18 12:00,1.00580000,1.00810000,1.00460000,1.00680000
2002.07.18 16:00,1.00670000,1.00900000,1.00460000,1.00660000
2002.07.18 20:00,1.00660000,1.01220000,1.00610000,1.01210000
2002.07.19 00:00,1.01170000,1.01570000,1.01040000,1.01500000
2002.07.19 04:00,1.01510000,1.02100000,1.01440000,1.01830000
2002.07.19 08:00,1.01840000,1.01850000,1.01300000,1.01520000
2002.07.19 12:00,1.01530000,1.01640000,1.01340000,1.01440000
2002.07.19 16:00,1.01440000,1.01680000,1.01240000,1.01360000
2002.07.19 20:00,1.01360000,1.01670000,1.01020000,1.01170000
2002.07.22 00:00,1.01120000,1.01350000,1.00720000,1.00950000
2002.07.22 04:00,1.00920000,1.01180000,1.00660000,1.01110000
2002.07.22 08:00,1.01140000,1.01290000,1.00880000,1.01200000
2002.07.22 12:00,1.01220000,1.01250000,1.00680000,1.00800000
2002.07.22 16:00,1.00800000,1.01180000,1.00540000,1.00570000
2002.07.22 20:00,1.00570000,1.00920000,1.00540000,1.00790000
2002.07.23 00:00,1.00750000,1.00810000,0.99830000,0.99960000
2002.07.23 04:00,0.99940000,0.99980000,0.99560000,0.99850000
2002.07.23 08:00,0.99850000,1.00000000,0.98580000,0.99120000
2002.07.23 12:00,0.99090000,0.99350000,0.98850000,0.99160000
2002.07.23 16:00,0.99180000,0.99470000,0.98990000,0.99100000
2002.07.23 20:00,0.99130000,0.99150000,0.98440000,0.98910000
2002.07.24 00:00,0.98900000,0.99240000,0.98740000,0.99000000
2002.07.24 04:00,0.99000000,0.99300000,0.98970000,0.99160000
2002.07.24 08:00,0.99180000,0.99320000,0.98730000,0.98920000
2002.07.24 12:00,0.98930000,0.99830000,0.98830000,0.99410000
2002.07.24 16:00,0.99420000,0.99770000,0.99100000,0.99650000
2002.07.24 20:00,0.99640000,0.99800000,0.99310000,0.99520000
2002.07.25 00:00,0.99490000,0.99740000,0.99390000,0.99730000
2002.07.25 04:00,0.99710000,1.00130000,0.99660000,1.00000000
2002.07.25 08:00,0.99990000,1.00210000,0.99750000,1.00100000
2002.07.25 12:00,1.00110000,1.00310000,0.99860000,1.00090000
2002.07.25 16:00,1.00100000,1.00270000,0.99850000,1.00100000
2002.07.25 20:00,1.00110000,1.00640000,0.99990000,1.00370000
2002.07.26 00:00,1.00330000,1.00700000,1.00240000,1.00350000
2002.07.26 04:00,1.00350000,1.00370000,0.99890000,1.00070000
2002.07.26 08:00,1.00070000,1.00170000,0.99920000,1.00030000
2002.07.26 12:00,1.00030000,1.00220000,0.99220000,0.99250000
2002.07.26 16:00,0.99250000,0.99360000,0.98580000,0.98910000
2002.07.26 20:00,0.98880000,0.98920000,0.98520000,0.98590000
2002.07.29 00:00,0.98730000,0.98800000,0.98490000,0.98550000
2002.07.29 04:00,0.98550000,0.98870000,0.98520000,0.98810000
2002.07.29 08:00,0.98810000,0.98910000,0.98170000,0.98230000
2002.07.29 12:00,0.98220000,0.98330000,0.98070000,0.98160000
2002.07.29 16:00,0.98140000,0.98190000,0.97700000,0.97830000
2002.07.29 20:00,0.97820000,0.98160000,0.97720000,0.98110000
2002.07.30 00:00,0.98120000,0.98230000,0.97780000,0.97920000
2002.07.30 04:00,0.97910000,0.98180000,0.97840000,0.98100000
2002.07.30 08:00,0.98110000,0.98470000,0.97890000,0.98410000
2002.07.30 12:00,0.98410000,0.98750000,0.98270000,0.98670000
2002.07.30 16:00,0.98680000,0.98940000,0.98290000,0.98330000
2002.07.30 20:00,0.98330000,0.98480000,0.98190000,0.98320000
2002.07.31 00:00,0.98320000,0.98520000,0.98250000,0.98350000
2002.07.31 04:00,0.98390000,0.98570000,0.98240000,0.98370000
2002.07.31 08:00,0.98370000,0.98400000,0.97830000,0.97970000
2002.07.31 12:00,0.97970000,0.98110000,0.97590000,0.97740000
2002.07.31 16:00,0.97740000,0.98350000,0.97690000,0.97860000
2002.07.31 20:00,0.97860000,0.97890000,0.97640000,0.97740000
2002.08.01 00:00,0.97700000,0.97850000,0.97620000,0.97720000
2002.08.01 04:00,0.97750000,0.97970000,0.97690000,0.97800000
2002.08.01 08:00,0.97790000,0.97920000,0.97260000,0.97360000
2002.08.01 12:00,0.97370000,0.97670000,0.97260000,0.97460000
2002.08.01 16:00,0.97470000,0.98590000,0.97430000,0.98320000
2002.08.01 20:00,0.98340000,0.98550000,0.98290000,0.98440000
2002.08.02 00:00,0.98460000,0.98820000,0.98360000,0.98720000
2002.08.02 04:00,0.98710000,0.98830000,0.98560000,0.98600000
2002.08.02 08:00,0.98600000,0.99050000,0.98520000,0.98940000
2002.08.02 12:00,0.98950000,0.99190000,0.98350000,0.98530000
2002.08.02 16:00,0.98550000,0.98920000,0.98390000,0.98660000
2002.08.02 20:00,0.98670000,0.98850000,0.98590000,0.98590000
2002.08.05 00:00,0.98650000,0.98750000,0.98330000,0.98450000
2002.08.05 04:00,0.98420000,0.98540000,0.98230000,0.98290000
2002.08.05 08:00,0.98310000,0.98730000,0.98080000,0.98650000
2002.08.05 12:00,0.98620000,0.98730000,0.98320000,0.98730000
2002.08.05 16:00,0.98710000,0.98760000,0.98080000,0.98300000
2002.08.05 20:00,0.98250000,0.98300000,0.97950000,0.98010000
2002.08.06 00:00,0.98050000,0.98080000,0.97620000,0.97830000
2002.08.06 04:00,0.97840000,0.97900000,0.97630000,0.97780000
2002.08.06 08:00,0.97790000,0.97840000,0.96550000,0.96880000
2002.08.06 12:00,0.96870000,0.96960000,0.96630000,0.96810000
2002.08.06 16:00,0.96820000,0.96860000,0.96210000,0.96560000
2002.08.06 20:00,0.96580000,0.96790000,0.96470000,0.96610000
2002.08.07 00:00,0.96640000,0.96870000,0.96420000,0.96730000
2002.08.07 04:00,0.96710000,0.96900000,0.96660000,0.96840000
2002.08.07 08:00,0.96840000,0.97020000,0.96600000,0.96750000
2002.08.07 12:00,0.96770000,0.97130000,0.96680000,0.97050000
2002.08.07 16:00,0.97040000,0.97650000,0.96850000,0.97480000
2002.08.07 20:00,0.97460000,0.97620000,0.97380000,0.97460000
2002.08.08 00:00,0.97460000,0.97740000,0.97290000,0.97430000
2002.08.08 04:00,0.97410000,0.97640000,0.97410000,0.97500000
2002.08.08 08:00,0.97500000,0.97630000,0.96870000,0.97080000
2002.08.08 12:00,0.97040000,0.97130000,0.96650000,0.96880000
2002.08.08 16:00,0.96900000,0.97000000,0.96400000,0.96620000
2002.08.08 20:00,0.96660000,0.96780000,0.96520000,0.96700000
2002.08.09 00:00,0.96680000,0.96800000,0.96530000,0.96620000
2002.08.09 04:00,0.96610000,0.97160000,0.96600000,0.96900000
2002.08.09 08:00,0.96910000,0.97420000,0.96800000,0.97290000
2002.08.09 12:00,0.97350000,0.97400000,0.96810000,0.96910000
2002.08.09 16:00,0.96920000,0.97340000,0.96830000,0.96940000
2002.08.09 20:00,0.96940000,0.97130000,0.96900000,0.96980000
2002.08.12 00:00,0.97020000,0.97150000,0.96890000,0.97070000
2002.08.12 04:00,0.97060000,0.97540000,0.97020000,0.97430000
2002.08.12 08:00,0.97430000,0.97610000,0.97180000,0.97550000
2002.08.12 12:00,0.97540000,0.98010000,0.97360000,0.97690000
2002.08.12 16:00,0.97690000,0.97950000,0.97630000,0.97870000
2002.08.12 20:00,0.97860000,0.97980000,0.97760000,0.97860000
2002.08.13 00:00,0.97860000,0.97950000,0.97680000,0.97780000
2002.08.13 04:00,0.97780000,0.97970000,0.97760000,0.97860000
2002.08.13 08:00,0.97840000,0.98020000,0.97610000,0.97930000
2002.08.13 12:00,0.97910000,0.98060000,0.97520000,0.97680000
2002.08.13 16:00,0.97700000,0.98180000,0.97640000,0.98050000
2002.08.13 20:00,0.98040000,0.98490000,0.97850000,0.98460000
2002.08.14 00:00,0.98460000,0.98730000,0.98340000,0.98580000
2002.08.14 04:00,0.98580000,0.98920000,0.98530000,0.98780000
2002.08.14 08:00,0.98780000,0.98930000,0.98540000,0.98910000
2002.08.14 12:00,0.98910000,0.98940000,0.98450000,0.98610000
2002.08.14 16:00,0.98620000,0.98880000,0.98200000,0.98290000
2002.08.14 20:00,0.98270000,0.98350000,0.97630000,0.97730000
2002.08.15 00:00,0.97720000,0.98030000,0.97710000,0.97860000
2002.08.15 04:00,0.97870000,0.97910000,0.97550000,0.97780000
2002.08.15 08:00,0.97750000,0.97880000,0.97460000,0.97630000
2002.08.15 12:00,0.97630000,0.97980000,0.97610000,0.97780000
2002.08.15 16:00,0.97780000,0.98500000,0.97680000,0.98440000
2002.08.15 20:00,0.98430000,0.98480000,0.98090000,0.98250000
2002.08.16 00:00,0.98240000,0.98250000,0.97950000,0.98050000
2002.08.16 04:00,0.98070000,0.98210000,0.98010000,0.98120000
2002.08.16 08:00,0.98120000,0.98230000,0.97830000,0.98150000
2002.08.16 12:00,0.98150000,0.98680000,0.98100000,0.98470000
2002.08.16 16:00,0.98490000,0.98610000,0.98160000,0.98380000
2002.08.16 20:00,0.98400000,0.98710000,0.98330000,0.98700000
2002.08.19 00:00,0.98440000,0.98730000,0.98330000,0.98630000
2002.08.19 04:00,0.98630000,0.98710000,0.98490000,0.98560000
2002.08.19 08:00,0.98580000,0.98670000,0.98180000,0.98270000
2002.08.19 12:00,0.98260000,0.98320000,0.97750000,0.97830000
2002.08.19 16:00,0.97840000,0.97910000,0.97500000,0.97630000
2002.08.19 20:00,0.97660000,0.97750000,0.97530000,0.97730000
2002.08.20 00:00,0.97750000,0.97780000,0.97540000,0.97590000
2002.08.20 04:00,0.97570000,0.97830000,0.97500000,0.97790000
2002.08.20 08:00,0.97780000,0.98090000,0.97540000,0.97850000
2002.08.20 12:00,0.97850000,0.98050000,0.97300000,0.97560000
2002.08.20 16:00,0.97560000,0.97940000,0.97440000,0.97900000
2002.08.20 20:00,0.97890000,0.98000000,0.97770000,0.97770000
2002.08.21 00:00,0.97790000,0.98200000,0.97780000,0.98180000
2002.08.21 04:00,0.98150000,0.98510000,0.98150000,0.98320000
2002.08.21 08:00,0.98320000,0.98440000,0.97990000,0.98080000
2002.08.21 12:00,0.98070000,0.98160000,0.97510000,0.97740000
2002.08.21 16:00,0.97740000,0.98190000,0.97700000,0.97970000
2002.08.21 20:00,0.97970000,0.98140000,0.97850000,0.97990000
2002.08.22 00:00,0.98000000,0.98080000,0.97720000,0.97790000
2002.08.22 04:00,0.97790000,0.97880000,0.97630000,0.97830000
2002.08.22 08:00,0.97830000,0.97860000,0.97560000,0.97730000
2002.08.22 12:00,0.97740000,0.97790000,0.97390000,0.97590000
2002.08.22 16:00,0.97550000,0.97630000,0.96710000,0.96930000
2002.08.22 20:00,0.96930000,0.97050000,0.96820000,0.96920000
2002.08.23 00:00,0.96890000,0.97050000,0.96650000,0.96700000
2002.08.23 04:00,0.96710000,0.96860000,0.96640000,0.96780000
2002.08.23 08:00,0.96770000,0.97090000,0.96650000,0.96840000
2002.08.23 12:00,0.96860000,0.97200000,0.96770000,0.97030000
2002.08.23 16:00,0.97040000,0.97330000,0.96980000,0.97180000
2002.08.23 20:00,0.97180000,0.97350000,0.97130000,0.97240000
2002.08.26 00:00,0.97320000,0.97420000,0.97100000,0.97170000
2002.08.26 04:00,0.97170000,0.97210000,0.97030000,0.97090000
2002.08.26 08:00,0.97090000,0.97150000,0.96840000,0.97100000
2002.08.26 12:00,0.97090000,0.97180000,0.96880000,0.97060000
2002.08.26 16:00,0.97050000,0.97380000,0.97010000,0.97210000
2002.08.26 20:00,0.97200000,0.97300000,0.97090000,0.97170000
2002.08.27 00:00,0.97140000,0.97500000,0.97020000,0.97470000
2002.08.27 04:00,0.97470000,0.97660000,0.97380000,0.97400000
2002.08.27 08:00,0.97420000,0.97610000,0.97240000,0.97560000
2002.08.27 12:00,0.97560000,0.97810000,0.97320000,0.97490000
2002.08.27 16:00,0.97500000,0.98420000,0.97480000,0.98300000
2002.08.27 20:00,0.98310000,0.98400000,0.98180000,0.98290000
2002.08.28 00:00,0.98270000,0.98370000,0.98100000,0.98140000
2002.08.28 04:00,0.98160000,0.98320000,0.98110000,0.98180000
2002.08.28 08:00,0.98160000,0.98260000,0.97920000,0.98070000
2002.08.28 12:00,0.98060000,0.98340000,0.97960000,0.98180000
2002.08.28 16:00,0.98210000,0.98270000,0.97930000,0.98030000
2002.08.28 20:00,0.98030000,0.98120000,0.97800000,0.97870000
2002.08.29 00:00,0.97850000,0.98030000,0.97730000,0.97960000
2002.08.29 04:00,0.97960000,0.98370000,0.97880000,0.98230000
2002.08.29 08:00,0.98240000,0.98680000,0.98140000,0.98510000
2002.08.29 12:00,0.98510000,0.98870000,0.98410000,0.98790000
2002.08.29 16:00,0.98830000,0.98880000,0.98220000,0.98470000
2002.08.29 20:00,0.98480000,0.98550000,0.98320000,0.98370000
2002.08.30 00:00,0.98320000,0.98530000,0.98280000,0.98450000
2002.08.30 04:00,0.98450000,0.98600000,0.98390000,0.98500000
2002.08.30 08:00,0.98490000,0.98660000,0.98350000,0.98540000
2002.08.30 12:00,0.98540000,0.98610000,0.98290000,0.98450000
2002.08.30 16:00,0.98470000,0.98530000,0.97930000,0.98160000
2002.08.30 20:00,0.98160000,0.98320000,0.98070000,0.98150000
2002.09.02 00:00,0.98190000,0.98250000,0.97990000,0.98110000
2002.09.02 04:00,0.98100000,0.98150000,0.97960000,0.98000000
2002.09.02 08:00,0.98020000,0.98320000,0.97980000,0.98240000
2002.09.02 12:00,0.98200000,0.98390000,0.98140000,0.98330000
2002.09.02 16:00,0.98290000,0.98570000,0.98230000,0.98480000
2002.09.02 20:00,0.98480000,0.98540000,0.98290000,0.98470000
2002.09.03 00:00,0.98430000,0.98550000,0.98310000,0.98330000
2002.09.03 04:00,0.98300000,0.98570000,0.98300000,0.98510000
2002.09.03 08:00,0.98500000,0.99390000,0.98430000,0.99210000
2002.09.03 12:00,0.99200000,0.99310000,0.99040000,0.99220000
2002.09.03 16:00,0.99260000,0.99760000,0.99200000,0.99560000
2002.09.03 20:00,0.99550000,0.99770000,0.99550000,0.99670000
2002.09.04 00:00,0.99630000,0.99750000,0.99540000,0.99650000
2002.09.04 04:00,0.99660000,0.99750000,0.99530000,0.99560000
2002.09.04 08:00,0.99560000,0.99700000,0.99300000,0.99350000
2002.09.04 12:00,0.99350000,0.99520000,0.99200000,0.99270000
2002.09.04 16:00,0.99270000,0.99470000,0.99050000,0.99220000
2002.09.04 20:00,0.99220000,0.99340000,0.99030000,0.99230000
2002.09.05 00:00,0.99190000,0.99340000,0.99060000,0.99170000
2002.09.05 04:00,0.99180000,0.99510000,0.99140000,0.99460000
2002.09.05 08:00,0.99460000,0.99930000,0.99370000,0.99670000
2002.09.05 12:00,0.99680000,0.99840000,0.99380000,0.99450000
2002.09.05 16:00,0.99440000,0.99670000,0.98860000,0.99280000
2002.09.05 20:00,0.99260000,0.99400000,0.99110000,0.99160000
2002.09.06 00:00,0.99150000,0.99370000,0.98940000,0.99350000
2002.09.06 04:00,0.99320000,0.99570000,0.99250000,0.99310000
2002.09.06 08:00,0.99310000,0.99430000,0.99050000,0.99130000
2002.09.06 12:00,0.99140000,0.99280000,0.98300000,0.98490000
2002.09.06 16:00,0.98480000,0.98660000,0.98290000,0.98360000
2002.09.06 20:00,0.98370000,0.98430000,0.98040000,0.98080000
2002.09.09 00:00,0.98170000,0.98270000,0.98000000,0.98070000
2002.09.09 04:00,0.98070000,0.98300000,0.98070000,0.98230000
2002.09.09 08:00,0.98230000,0.98310000,0.97800000,0.98060000
2002.09.09 12:00,0.98030000,0.98130000,0.97870000,0.98060000
2002.09.09 16:00,0.98050000,0.98260000,0.97930000,0.98030000
2002.09.09 20:00,0.98000000,0.98060000,0.97860000,0.97970000
2002.09.10 00:00,0.97970000,0.98150000,0.97850000,0.98140000
2002.09.10 04:00,0.98140000,0.98440000,0.98080000,0.98330000
2002.09.10 08:00,0.98330000,0.98360000,0.97540000,0.97650000
2002.09.10 12:00,0.97650000,0.97700000,0.97210000,0.97470000
2002.09.10 16:00,0.97460000,0.97630000,0.97220000,0.97400000
2002.09.10 20:00,0.97390000,0.97600000,0.97380000,0.97510000
2002.09.11 00:00,0.97500000,0.97620000,0.97410000,0.97560000
2002.09.11 04:00,0.97560000,0.97620000,0.97420000,0.97540000
2002.09.11 08:00,0.97570000,0.97710000,0.97420000,0.97510000
2002.09.11 12:00,0.97530000,0.97590000,0.97090000,0.97120000
2002.09.11 16:00,0.97170000,0.97630000,0.96980000,0.97580000
2002.09.11 20:00,0.97550000,0.97680000,0.97440000,0.97590000
2002.09.12 00:00,0.97580000,0.97750000,0.97520000,0.97710000
2002.09.12 04:00,0.97710000,0.97850000,0.97500000,0.97510000
2002.09.12 08:00,0.97500000,0.97910000,0.97390000,0.97630000
2002.09.12 12:00,0.97640000,0.97720000,0.97390000,0.97540000
2002.09.12 16:00,0.97520000,0.98140000,0.97450000,0.98060000
2002.09.12 20:00,0.98020000,0.98250000,0.97960000,0.98140000
2002.09.13 00:00,0.98110000,0.98300000,0.98080000,0.98190000
2002.09.13 04:00,0.98160000,0.98320000,0.98130000,0.98280000
2002.09.13 08:00,0.98260000,0.98310000,0.98000000,0.98190000
2002.09.13 12:00,0.98230000,0.98410000,0.98020000,0.98340000
2002.09.13 16:00,0.98330000,0.98410000,0.97020000,0.97300000
2002.09.13 20:00,0.97260000,0.97330000,0.97060000,0.97130000
2002.09.16 00:00,0.97080000,0.97280000,0.96840000,0.96930000
2002.09.16 04:00,0.96950000,0.97120000,0.96800000,0.97110000
2002.09.16 08:00,0.97080000,0.97140000,0.96640000,0.96940000
2002.09.16 12:00,0.96930000,0.97190000,0.96730000,0.97030000
2002.09.16 16:00,0.97010000,0.97300000,0.96990000,0.97070000
2002.09.16 20:00,0.97070000,0.97160000,0.96800000,0.96870000
2002.09.17 00:00,0.96860000,0.96900000,0.96500000,0.96570000
2002.09.17 04:00,0.96570000,0.96700000,0.96500000,0.96550000
2002.09.17 08:00,0.96600000,0.96700000,0.96080000,0.96260000
2002.09.17 12:00,0.96310000,0.96850000,0.96260000,0.96790000
2002.09.17 16:00,0.96770000,0.97070000,0.96730000,0.96960000
2002.09.17 20:00,0.96980000,0.97510000,0.96870000,0.97360000
2002.09.18 00:00,0.97370000,0.97470000,0.97220000,0.97280000
2002.09.18 04:00,0.97310000,0.97510000,0.97100000,0.97190000
2002.09.18 08:00,0.97190000,0.97450000,0.96850000,0.97230000
2002.09.18 12:00,0.97260000,0.97690000,0.97160000,0.97510000
2002.09.18 16:00,0.97510000,0.97980000,0.97420000,0.97750000
2002.09.18 20:00,0.97740000,0.97860000,0.97540000,0.97720000
2002.09.19 00:00,0.97730000,0.97850000,0.97620000,0.97800000
2002.09.19 04:00,0.97810000,0.97930000,0.97710000,0.97840000
2002.09.19 08:00,0.97830000,0.98170000,0.97710000,0.98150000
2002.09.19 12:00,0.98110000,0.98330000,0.97930000,0.98110000
2002.09.19 16:00,0.98150000,0.98620000,0.98030000,0.98570000
2002.09.19 20:00,0.98560000,0.98760000,0.98410000,0.98740000
2002.09.20 00:00,0.98720000,0.98780000,0.98580000,0.98620000
2002.09.20 04:00,0.98610000,0.98730000,0.98400000,0.98460000
2002.09.20 08:00,0.98450000,0.98620000,0.98110000,0.98240000
2002.09.20 12:00,0.98200000,0.98290000,0.97860000,0.98110000
2002.09.20 16:00,0.98120000,0.98520000,0.97830000,0.98020000
2002.09.20 20:00,0.98020000,0.98300000,0.98010000,0.98260000
2002.09.23 00:00,0.98080000,0.98240000,0.97910000,0.98190000
2002.09.23 04:00,0.98210000,0.98290000,0.98090000,0.98210000
2002.09.23 08:00,0.98190000,0.98590000,0.97900000,0.98420000
2002.09.23 12:00,0.98440000,0.98520000,0.98100000,0.98220000
2002.09.23 16:00,0.98210000,0.98480000,0.97510000,0.97720000
2002.09.23 20:00,0.97710000,0.97920000,0.97640000,0.97800000
2002.09.24 00:00,0.97770000,0.97820000,0.97590000,0.97690000
2002.09.24 04:00,0.97680000,0.97880000,0.97630000,0.97710000
2002.09.24 08:00,0.97720000,0.97870000,0.97590000,0.97710000
2002.09.24 12:00,0.97710000,0.98370000,0.97590000,0.98220000
2002.09.24 16:00,0.98280000,0.98400000,0.97860000,0.98000000
2002.09.24 20:00,0.97990000,0.98300000,0.97980000,0.98240000
2002.09.25 00:00,0.98260000,0.98330000,0.98150000,0.98230000
2002.09.25 04:00,0.98230000,0.98310000,0.98120000,0.98230000
2002.09.25 08:00,0.98220000,0.98560000,0.97970000,0.98010000
2002.09.25 12:00,0.98000000,0.98160000,0.97550000,0.97900000
2002.09.25 16:00,0.97830000,0.98120000,0.97660000,0.97750000
2002.09.25 20:00,0.97750000,0.97780000,0.97610000,0.97670000
2002.09.26 00:00,0.97640000,0.97810000,0.97580000,0.97770000
2002.09.26 04:00,0.97770000,0.97910000,0.97730000,0.97830000
2002.09.26 08:00,0.97830000,0.98030000,0.97790000,0.97900000
2002.09.26 12:00,0.97910000,0.98120000,0.97480000,0.97570000
2002.09.26 16:00,0.97570000,0.97940000,0.97270000,0.97820000
2002.09.26 20:00,0.97820000,0.97970000,0.97590000,0.97690000
2002.09.27 00:00,0.97680000,0.97800000,0.97630000,0.97670000
2002.09.27 04:00,0.97690000,0.97830000,0.97630000,0.97740000
2002.09.27 08:00,0.97740000,0.97940000,0.97640000,0.97810000
2002.09.27 12:00,0.97840000,0.97910000,0.97580000,0.97650000
2002.09.27 16:00,0.97650000,0.97900000,0.97480000,0.97870000
2002.09.27 20:00,0.97870000,0.98130000,0.97850000,0.97920000
2002.09.30 00:00,0.98110000,0.98300000,0.98050000,0.98240000
2002.09.30 04:00,0.98230000,0.98490000,0.98220000,0.98270000
2002.09.30 08:00,0.98250000,0.98470000,0.98210000,0.98380000
2002.09.30 12:00,0.98390000,0.98890000,0.98390000,0.98720000
2002.09.30 16:00,0.98710000,0.99010000,0.98630000,0.98700000
2002.09.30 20:00,0.98710000,0.98870000,0.98560000,0.98650000
2002.10.01 00:00,0.98650000,0.98830000,0.98570000,0.98770000
2002.10.01 04:00,0.98760000,0.98870000,0.98650000,0.98790000
2002.10.01 08:00,0.98800000,0.98950000,0.98660000,0.98720000
2002.10.01 12:00,0.98720000,0.98820000,0.98480000,0.98620000
2002.10.01 16:00,0.98620000,0.98710000,0.98350000,0.98530000
2002.10.01 20:00,0.98530000,0.98560000,0.98210000,0.98260000
2002.10.02 00:00,0.98230000,0.98330000,0.98140000,0.98200000
2002.10.02 04:00,0.98220000,0.98330000,0.98090000,0.98250000
2002.10.02 08:00,0.98260000,0.98400000,0.98140000,0.98340000
2002.10.02 12:00,0.98320000,0.98550000,0.98210000,0.98500000
2002.10.02 16:00,0.98510000,0.98610000,0.98300000,0.98560000
2002.10.02 20:00,0.98560000,0.98730000,0.98370000,0.98620000
2002.10.03 00:00,0.98600000,0.98720000,0.98580000,0.98660000
2002.10.03 04:00,0.98660000,0.98740000,0.98580000,0.98660000
2002.10.03 08:00,0.98660000,0.99000000,0.98600000,0.98810000
2002.10.03 12:00,0.98820000,0.99120000,0.98780000,0.98910000
2002.10.03 16:00,0.98920000,0.98960000,0.98570000,0.98720000
2002.10.03 20:00,0.98700000,0.98910000,0.98600000,0.98740000
2002.10.04 00:00,0.98750000,0.98840000,0.98600000,0.98640000
2002.10.04 04:00,0.98640000,0.98710000,0.98580000,0.98640000
2002.10.04 08:00,0.98640000,0.98760000,0.98510000,0.98660000
2002.10.04 12:00,0.98690000,0.98820000,0.98000000,0.98310000
2002.10.04 16:00,0.98290000,0.98400000,0.97810000,0.97900000
2002.10.04 20:00,0.97890000,0.98060000,0.97860000,0.97940000
2002.10.07 00:00,0.97880000,0.97990000,0.97830000,0.97860000
2002.10.07 04:00,0.97860000,0.97950000,0.97780000,0.97900000
2002.10.07 08:00,0.97930000,0.98050000,0.97770000,0.97970000
2002.10.07 12:00,0.97950000,0.98270000,0.97790000,0.98270000
2002.10.07 16:00,0.98200000,0.98310000,0.98100000,0.98140000
2002.10.07 20:00,0.98150000,0.98410000,0.98080000,0.98250000
2002.10.08 00:00,0.98210000,0.98390000,0.98200000,0.98350000
2002.10.08 04:00,0.98360000,0.98460000,0.98240000,0.98310000
2002.10.08 08:00,0.98250000,0.98290000,0.97890000,0.98050000
2002.10.08 12:00,0.98050000,0.98110000,0.97720000,0.97900000
2002.10.08 16:00,0.97920000,0.98040000,0.97660000,0.97740000
2002.10.08 20:00,0.97720000,0.97960000,0.97650000,0.97950000
2002.10.09 00:00,0.97870000,0.98100000,0.97860000,0.97970000
2002.10.09 04:00,0.97950000,0.98020000,0.97880000,0.97970000
2002.10.09 08:00,0.97970000,0.98120000,0.97780000,0.98040000
2002.10.09 12:00,0.98050000,0.98610000,0.97920000,0.98550000
2002.10.09 16:00,0.98540000,0.99150000,0.98510000,0.98920000
2002.10.09 20:00,0.98920000,0.99090000,0.98860000,0.99010000
2002.10.10 00:00,0.99010000,0.99150000,0.98850000,0.98870000
2002.10.10 04:00,0.98890000,0.98980000,0.98830000,0.98890000
2002.10.10 08:00,0.98870000,0.99310000,0.98750000,0.99010000
2002.10.10 12:00,0.99020000,0.99080000,0.98520000,0.98840000
2002.10.10 16:00,0.98830000,0.98870000,0.98480000,0.98650000
2002.10.10 20:00,0.98660000,0.98700000,0.98470000,0.98610000
2002.10.11 00:00,0.98660000,0.98740000,0.98510000,0.98620000
2002.10.11 04:00,0.98620000,0.98780000,0.98540000,0.98730000
2002.10.11 08:00,0.98710000,0.98820000,0.98580000,0.98650000
2002.10.11 12:00,0.98650000,0.98760000,0.98330000,0.98380000
2002.10.11 16:00,0.98410000,0.98700000,0.98340000,0.98650000
2002.10.11 20:00,0.98690000,0.98780000,0.98620000,0.98750000
2002.10.14 00:00,0.98740000,0.98830000,0.98650000,0.98810000
2002.10.14 04:00,0.98820000,0.98950000,0.98770000,0.98840000
2002.10.14 08:00,0.98840000,0.98950000,0.98710000,0.98840000
2002.10.14 12:00,0.98850000,0.98890000,0.98650000,0.98690000
2002.10.14 16:00,0.98700000,0.98780000,0.98540000,0.98660000
2002.10.14 20:00,0.98650000,0.98770000,0.98550000,0.98750000
2002.10.15 00:00,0.98750000,0.98860000,0.98620000,0.98830000
2002.10.15 04:00,0.98810000,0.98890000,0.98700000,0.98740000
2002.10.15 08:00,0.98740000,0.98810000,0.98220000,0.98380000
2002.10.15 12:00,0.98360000,0.98430000,0.97930000,0.98120000
2002.10.15 16:00,0.98120000,0.98330000,0.97910000,0.98030000
2002.10.15 20:00,0.98020000,0.98230000,0.97950000,0.98160000
2002.10.16 00:00,0.98150000,0.98230000,0.98030000,0.98100000
2002.10.16 04:00,0.98080000,0.98260000,0.98060000,0.98160000
2002.10.16 08:00,0.98170000,0.98380000,0.97980000,0.98100000
2002.10.16 12:00,0.98100000,0.98320000,0.98050000,0.98220000
2002.10.16 16:00,0.98210000,0.98300000,0.98060000,0.98180000
2002.10.16 20:00,0.98160000,0.98260000,0.98050000,0.98110000
2002.10.17 00:00,0.98050000,0.98110000,0.97810000,0.97820000
2002.10.17 04:00,0.97820000,0.97920000,0.97730000,0.97790000
2002.10.17 08:00,0.97800000,0.97910000,0.97540000,0.97660000
2002.10.17 12:00,0.97700000,0.97750000,0.97310000,0.97390000
2002.10.17 16:00,0.97410000,0.97500000,0.96970000,0.97140000
2002.10.17 20:00,0.97140000,0.97260000,0.97000000,0.97090000
2002.10.18 00:00,0.97080000,0.97230000,0.96980000,0.97190000
2002.10.18 04:00,0.97170000,0.97270000,0.97140000,0.97190000
2002.10.18 08:00,0.97140000,0.97300000,0.96970000,0.97220000
2002.10.18 12:00,0.97230000,0.97450000,0.97200000,0.97290000
2002.10.18 16:00,0.97280000,0.97390000,0.97050000,0.97150000
2002.10.18 20:00,0.97130000,0.97270000,0.97130000,0.97250000
2002.10.21 00:00,0.97220000,0.97220000,0.96870000,0.97050000
2002.10.21 04:00,0.97040000,0.97430000,0.96990000,0.97390000
2002.10.21 08:00,0.97360000,0.97630000,0.97160000,0.97580000
2002.10.21 12:00,0.97580000,0.97650000,0.97320000,0.97530000
2002.10.21 16:00,0.97500000,0.97590000,0.97230000,0.97310000
2002.10.21 20:00,0.97340000,0.97500000,0.97290000,0.97330000
2002.10.22 00:00,0.97340000,0.97460000,0.97270000,0.97270000
2002.10.22 04:00,0.97280000,0.97440000,0.97260000,0.97330000
2002.10.22 08:00,0.97320000,0.97650000,0.97200000,0.97480000
2002.10.22 12:00,0.97480000,0.97930000,0.97410000,0.97860000
2002.10.22 16:00,0.97860000,0.98030000,0.97660000,0.97910000
2002.10.22 20:00,0.97900000,0.98010000,0.97690000,0.97720000
2002.10.23 00:00,0.97770000,0.97780000,0.97630000,0.97680000
2002.10.23 04:00,0.97690000,0.97950000,0.97640000,0.97900000
2002.10.23 08:00,0.97860000,0.98010000,0.97620000,0.97770000
2002.10.23 12:00,0.97760000,0.97820000,0.97470000,0.97530000
2002.10.23 16:00,0.97540000,0.97790000,0.97500000,0.97740000
2002.10.23 20:00,0.97750000,0.97770000,0.97470000,0.97540000
2002.10.24 00:00,0.97540000,0.97590000,0.97400000,0.97570000
2002.10.24 04:00,0.97570000,0.97690000,0.97380000,0.97420000
2002.10.24 08:00,0.97430000,0.97580000,0.97320000,0.97450000
2002.10.24 12:00,0.97430000,0.97470000,0.97240000,0.97350000
2002.10.24 16:00,0.97390000,0.97690000,0.97260000,0.97620000
2002.10.24 20:00,0.97610000,0.97880000,0.97600000,0.97730000
2002.10.25 00:00,0.97750000,0.97900000,0.97670000,0.97870000
2002.10.25 04:00,0.97860000,0.97980000,0.97800000,0.97850000
2002.10.25 08:00,0.97840000,0.97880000,0.97680000,0.97730000
2002.10.25 12:00,0.97710000,0.97890000,0.97570000,0.97680000
2002.10.25 16:00,0.97680000,0.97870000,0.97550000,0.97750000
2002.10.25 20:00,0.97730000,0.97810000,0.97550000,0.97630000
2002.10.28 00:00,0.97620000,0.97710000,0.97520000,0.97530000
2002.10.28 04:00,0.97550000,0.97600000,0.97250000,0.97330000
2002.10.28 08:00,0.97320000,0.97490000,0.97300000,0.97430000
2002.10.28 12:00,0.97420000,0.97810000,0.97380000,0.97810000
2002.10.28 16:00,0.97760000,0.98500000,0.97740000,0.98390000
2002.10.28 20:00,0.98390000,0.98510000,0.98350000,0.98440000
2002.10.29 00:00,0.98440000,0.98520000,0.98310000,0.98370000
2002.10.29 04:00,0.98360000,0.98470000,0.98280000,0.98420000
2002.10.29 08:00,0.98420000,0.98510000,0.98280000,0.98420000
2002.10.29 12:00,0.98440000,0.98510000,0.98050000,0.98180000
2002.10.29 16:00,0.98190000,0.98680000,0.98160000,0.98440000
2002.10.29 20:00,0.98410000,0.98600000,0.98210000,0.98280000
2002.10.30 00:00,0.98280000,0.98350000,0.98150000,0.98270000
2002.10.30 04:00,0.98260000,0.98350000,0.98200000,0.98280000
2002.10.30 08:00,0.98260000,0.98440000,0.98190000,0.98360000
2002.10.30 12:00,0.98350000,0.98410000,0.98180000,0.98370000
2002.10.30 16:00,0.98370000,0.98510000,0.98240000,0.98460000
2002.10.30 20:00,0.98450000,0.98540000,0.98330000,0.98470000
2002.10.31 00:00,0.98430000,0.98820000,0.98350000,0.98760000
2002.10.31 04:00,0.98730000,0.98830000,0.98660000,0.98750000
2002.10.31 08:00,0.98720000,0.98780000,0.98620000,0.98680000
2002.10.31 12:00,0.98690000,0.98930000,0.98510000,0.98780000
2002.10.31 16:00,0.98810000,0.99090000,0.98570000,0.99000000
2002.10.31 20:00,0.99010000,0.99120000,0.98800000,0.99060000
2002.11.01 00:00,0.99020000,0.99150000,0.98900000,0.98900000
2002.11.01 04:00,0.98940000,0.99120000,0.98880000,0.99080000
2002.11.01 08:00,0.99050000,0.99230000,0.98940000,0.99140000
2002.11.01 12:00,0.99160000,1.00060000,0.99130000,0.99960000
2002.11.01 16:00,0.99950000,0.99990000,0.99500000,0.99550000
2002.11.01 20:00,0.99590000,0.99760000,0.99540000,0.99660000
2002.11.04 00:00,0.99640000,0.99780000,0.99620000,0.99630000
2002.11.04 04:00,0.99620000,0.99680000,0.99550000,0.99620000
2002.11.04 08:00,0.99610000,0.99750000,0.99370000,0.99440000
2002.11.04 12:00,0.99410000,0.99660000,0.99310000,0.99430000
2002.11.04 16:00,0.99430000,0.99740000,0.99370000,0.99680000
2002.11.04 20:00,0.99690000,0.99880000,0.99640000,0.99860000
2002.11.05 00:00,0.99840000,0.99880000,0.99720000,0.99800000
2002.11.05 04:00,0.99830000,0.99930000,0.99690000,0.99750000
2002.11.05 08:00,0.99720000,1.00400000,0.99720000,1.00240000
2002.11.05 12:00,1.00230000,1.00430000,1.00090000,1.00240000
2002.11.05 16:00,1.00220000,1.00290000,0.99870000,1.00050000
2002.11.05 20:00,1.00020000,1.00070000,0.99880000,0.99910000
2002.11.06 00:00,0.99890000,0.99980000,0.99770000,0.99920000
2002.11.06 04:00,0.99880000,0.99950000,0.99650000,0.99730000
2002.11.06 08:00,0.99740000,0.99790000,0.99400000,0.99640000
2002.11.06 12:00,0.99650000,0.99680000,0.99450000,0.99610000
2002.11.06 16:00,0.99630000,0.99840000,0.99570000,0.99660000
2002.11.06 20:00,0.99670000,1.00520000,0.99600000,1.00470000
2002.11.07 00:00,1.00440000,1.00670000,1.00390000,1.00450000
2002.11.07 04:00,1.00460000,1.00600000,1.00380000,1.00400000
2002.11.07 08:00,1.00390000,1.00600000,1.00070000,1.00220000
2002.11.07 12:00,1.00210000,1.00560000,0.99890000,1.00420000
2002.11.07 16:00,1.00400000,1.01000000,1.00350000,1.00860000
2002.11.07 20:00,1.00840000,1.01010000,1.00770000,1.00880000
2002.11.08 00:00,1.00880000,1.00930000,1.00750000,1.00890000
2002.11.08 04:00,1.00880000,1.00940000,1.00740000,1.00820000
2002.11.08 08:00,1.00820000,1.01190000,1.00730000,1.01070000
2002.11.08 12:00,1.01070000,1.01310000,1.00860000,1.00990000
2002.11.08 16:00,1.01000000,1.01540000,1.00920000,1.01320000
2002.11.08 20:00,1.01330000,1.01420000,1.01270000,1.01340000
2002.11.11 00:00,1.01270000,1.01340000,1.01150000,1.01260000
2002.11.11 04:00,1.01270000,1.01400000,1.01220000,1.01270000
2002.11.11 08:00,1.01260000,1.01630000,1.01130000,1.01620000
2002.11.11 12:00,1.01600000,1.01730000,1.01080000,1.01320000
2002.11.11 16:00,1.01300000,1.01330000,1.00920000,1.01090000
2002.11.11 20:00,1.01070000,1.01130000,1.00980000,1.01010000
2002.11.12 00:00,1.01010000,1.01100000,1.00820000,1.00910000
2002.11.12 04:00,1.00920000,1.01070000,1.00800000,1.00970000
2002.11.12 08:00,1.00980000,1.01380000,1.00700000,1.01220000
2002.11.12 12:00,1.01220000,1.01280000,1.00650000,1.00970000
2002.11.12 16:00,1.00960000,1.01240000,1.00910000,1.01170000
2002.11.12 20:00,1.01150000,1.01330000,1.01120000,1.01220000
2002.11.13 00:00,1.01230000,1.01300000,1.01030000,1.01110000
2002.11.13 04:00,1.01110000,1.01230000,1.01040000,1.01130000
2002.11.13 08:00,1.01120000,1.01200000,1.00600000,1.00720000
2002.11.13 12:00,1.00720000,1.00830000,1.00450000,1.00790000
2002.11.13 16:00,1.00800000,1.00960000,1.00530000,1.00700000
2002.11.13 20:00,1.00710000,1.00880000,1.00590000,1.00860000
2002.11.14 00:00,1.00840000,1.00900000,1.00590000,1.00610000
2002.11.14 04:00,1.00620000,1.00760000,1.00380000,1.00410000
2002.11.14 08:00,1.00420000,1.00790000,1.00390000,1.00700000
2002.11.14 12:00,1.00720000,1.01020000,1.00520000,1.00690000
2002.11.14 16:00,1.00710000,1.00730000,1.00290000,1.00550000
2002.11.14 20:00,1.00540000,1.00600000,1.00350000,1.00410000
2002.11.15 00:00,1.00370000,1.00450000,1.00210000,1.00360000
2002.11.15 04:00,1.00330000,1.00510000,1.00290000,1.00360000
2002.11.15 08:00,1.00360000,1.00570000,1.00200000,1.00360000
2002.11.15 12:00,1.00370000,1.00540000,1.00100000,1.00300000
2002.11.15 16:00,1.00310000,1.00970000,1.00290000,1.00840000
2002.11.15 20:00,1.00880000,1.01020000,1.00820000,1.00980000
2002.11.18 00:00,1.01020000,1.01230000,1.00840000,1.00880000
2002.11.18 04:00,1.00870000,1.01130000,1.00820000,1.00920000
2002.11.18 08:00,1.00930000,1.01120000,1.00780000,1.00880000
2002.11.18 12:00,1.00880000,1.00960000,1.00610000,1.00790000
2002.11.18 16:00,1.00790000,1.01000000,1.00660000,1.00740000
2002.11.18 20:00,1.00750000,1.00970000,1.00680000,1.00930000
2002.11.19 00:00,1.00930000,1.01020000,1.00830000,1.00910000
2002.11.19 04:00,1.00930000,1.01010000,1.00820000,1.00840000
2002.11.19 08:00,1.00860000,1.01340000,1.00830000,1.01250000
2002.11.19 12:00,1.01230000,1.01430000,1.01010000,1.01200000
2002.11.19 16:00,1.01210000,1.01270000,1.00070000,1.00300000
2002.11.19 20:00,1.00280000,1.00440000,1.00220000,1.00320000
2002.11.20 00:00,1.00320000,1.00470000,1.00260000,1.00330000
2002.11.20 04:00,1.00330000,1.00390000,1.00110000,1.00270000
2002.11.20 08:00,1.00270000,1.00360000,0.99980000,1.00090000
2002.11.20 12:00,1.00080000,1.00400000,0.99900000,1.00350000
2002.11.20 16:00,1.00330000,1.00490000,1.00180000,1.00220000
2002.11.20 20:00,1.00230000,1.00290000,1.00060000,1.00110000
2002.11.21 00:00,1.00120000,1.00170000,1.00020000,1.00090000
2002.11.21 04:00,1.00090000,1.00150000,1.00020000,1.00080000
2002.11.21 08:00,1.00080000,1.00380000,1.00040000,1.00150000
2002.11.21 12:00,1.00140000,1.00440000,1.00060000,1.00130000
2002.11.21 16:00,1.00150000,1.00260000,0.99760000,0.99980000
2002.11.21 20:00,0.99980000,1.00310000,0.99980000,1.00250000
2002.11.22 00:00,1.00260000,1.00340000,1.00100000,1.00290000
2002.11.22 04:00,1.00290000,1.00370000,1.00220000,1.00310000
2002.11.22 08:00,1.00310000,1.00380000,1.00140000,1.00270000
2002.11.22 12:00,1.00250000,1.00360000,1.00130000,1.00180000
2002.11.22 16:00,1.00200000,1.00220000,0.99610000,0.99730000
2002.11.22 20:00,0.99730000,0.99780000,0.99620000,0.99690000
2002.11.25 00:00,0.99680000,0.99710000,0.99330000,0.99460000
2002.11.25 04:00,0.99460000,0.99630000,0.99360000,0.99480000
2002.11.25 08:00,0.99470000,0.99560000,0.99160000,0.99250000
2002.11.25 12:00,0.99250000,0.99310000,0.98930000,0.99170000
2002.11.25 16:00,0.99180000,0.99430000,0.99050000,0.99220000
2002.11.25 20:00,0.99210000,0.99260000,0.99030000,0.99170000
2002.11.26 00:00,0.99150000,0.99210000,0.99020000,0.99110000
2002.11.26 04:00,0.99130000,0.99270000,0.99070000,0.99180000
2002.11.26 08:00,0.99190000,0.99300000,0.98950000,0.99110000
2002.11.26 12:00,0.99170000,0.99280000,0.98970000,0.99030000
2002.11.26 16:00,0.99050000,0.99370000,0.98980000,0.99230000
2002.11.26 20:00,0.99240000,0.99410000,0.99200000,0.99370000
2002.11.27 00:00,0.99370000,0.99430000,0.99290000,0.99330000
2002.11.27 04:00,0.99310000,0.99450000,0.99290000,0.99310000
2002.11.27 08:00,0.99310000,0.99370000,0.99080000,0.99240000
2002.11.27 12:00,0.99250000,0.99340000,0.99020000,0.99090000
2002.11.27 16:00,0.99120000,0.99190000,0.98770000,0.99000000
2002.11.27 20:00,0.98990000,0.99100000,0.98960000,0.99070000
2002.11.28 00:00,0.99060000,0.99110000,0.98930000,0.98990000
2002.11.28 04:00,0.98980000,0.99110000,0.98980000,0.99050000
2002.11.28 08:00,0.99020000,0.99380000,0.98960000,0.99290000
2002.11.28 12:00,0.99330000,0.99620000,0.99240000,0.99480000
2002.11.28 16:00,0.99500000,0.99580000,0.99370000,0.99400000
2002.11.28 20:00,0.99400000,0.99500000,0.99340000,0.99370000
2002.11.29 00:00,0.99330000,0.99410000,0.99240000,0.99300000
2002.11.29 04:00,0.99320000,0.99450000,0.99260000,0.99370000
2002.11.29 08:00,0.99330000,0.99490000,0.99190000,0.99310000
2002.11.29 12:00,0.99320000,0.99510000,0.99170000,0.99440000
2002.11.29 16:00,0.99400000,0.99590000,0.99280000,0.99450000
2002.11.29 20:00,0.99460000,0.99550000,0.99350000,0.99380000
2002.12.02 00:00,0.99420000,0.99450000,0.99210000,0.99250000
2002.12.02 04:00,0.99250000,0.99340000,0.99200000,0.99240000
2002.12.02 08:00,0.99270000,0.99390000,0.99110000,0.99140000
2002.12.02 12:00,0.99110000,0.99160000,0.98600000,0.98650000
2002.12.02 16:00,0.98650000,0.99690000,0.98620000,0.99660000
2002.12.02 20:00,0.99640000,0.99850000,0.99610000,0.99690000
2002.12.03 00:00,0.99660000,0.99800000,0.99600000,0.99720000
2002.12.03 04:00,0.99720000,0.99770000,0.99600000,0.99690000
2002.12.03 08:00,0.99690000,0.99800000,0.99570000,0.99750000
2002.12.03 12:00,0.99730000,1.00020000,0.99630000,0.99840000
2002.12.03 16:00,0.99840000,0.99890000,0.99580000,0.99740000
2002.12.03 20:00,0.99730000,0.99760000,0.99510000,0.99650000
2002.12.04 00:00,0.99640000,0.99900000,0.99620000,0.99860000
2002.12.04 04:00,0.99870000,1.00010000,0.99830000,0.99930000
2002.12.04 08:00,0.99930000,1.00200000,0.99860000,1.00090000
2002.12.04 12:00,1.00090000,1.00340000,0.99960000,1.00040000
2002.12.04 16:00,1.00050000,1.00220000,0.99870000,1.00220000
2002.12.04 20:00,1.00170000,1.00220000,0.99950000,1.00140000
2002.12.05 00:00,1.00180000,1.00210000,0.99920000,0.99950000
2002.12.05 04:00,0.99940000,1.00040000,0.99870000,0.99960000
2002.12.05 08:00,0.99970000,1.00180000,0.99900000,1.00020000
2002.12.05 12:00,1.00000000,1.00260000,0.99700000,0.99990000
2002.12.05 16:00,0.99970000,1.00160000,0.99830000,0.99940000
2002.12.05 20:00,0.99940000,1.00140000,0.99890000,1.00030000
2002.12.06 00:00,1.00040000,1.00170000,1.00000000,1.00110000
2002.12.06 04:00,1.00130000,1.00310000,1.00100000,1.00150000
2002.12.06 08:00,1.00150000,1.00320000,1.00010000,1.00100000
2002.12.06 12:00,1.00050000,1.01290000,0.99980000,1.00840000
2002.12.06 16:00,1.00840000,1.00960000,1.00620000,1.00890000
2002.12.06 20:00,1.00890000,1.01070000,1.00800000,1.00910000
2002.12.09 00:00,1.01010000,1.01110000,1.00890000,1.01060000
2002.12.09 04:00,1.01040000,1.01210000,1.01010000,1.01110000
2002.12.09 08:00,1.01100000,1.01180000,1.00850000,1.00970000
2002.12.09 12:00,1.00990000,1.01080000,1.00730000,1.00790000
2002.12.09 16:00,1.00780000,1.01030000,1.00670000,1.00990000
2002.12.09 20:00,1.00990000,1.01140000,1.00920000,1.01090000
2002.12.10 00:00,1.01100000,1.01160000,1.00910000,1.00950000
2002.12.10 04:00,1.00940000,1.01070000,1.00910000,1.01000000
2002.12.10 08:00,1.00990000,1.01410000,1.00920000,1.01270000
2002.12.10 12:00,1.01280000,1.01360000,1.00840000,1.00990000
2002.12.10 16:00,1.00990000,1.01100000,1.00700000,1.00890000
2002.12.10 20:00,1.00900000,1.00970000,1.00740000,1.00760000
2002.12.11 00:00,1.00740000,1.00820000,1.00590000,1.00780000
2002.12.11 04:00,1.00790000,1.00960000,1.00740000,1.00860000
2002.12.11 08:00,1.00870000,1.00940000,1.00670000,1.00820000
2002.12.11 12:00,1.00830000,1.01010000,1.00610000,1.00820000
2002.12.11 16:00,1.00830000,1.01030000,1.00720000,1.00810000
2002.12.11 20:00,1.00810000,1.00940000,1.00750000,1.00860000
2002.12.12 00:00,1.00800000,1.00950000,1.00740000,1.00870000
2002.12.12 04:00,1.00870000,1.01030000,1.00810000,1.00880000
2002.12.12 08:00,1.00870000,1.01530000,1.00820000,1.01440000
2002.12.12 12:00,1.01420000,1.01700000,1.01300000,1.01480000
2002.12.12 16:00,1.01490000,1.01960000,1.01430000,1.01890000
2002.12.12 20:00,1.01890000,1.01950000,1.01800000,1.01830000
2002.12.13 00:00,1.01860000,1.01930000,1.01770000,1.01850000
2002.12.13 04:00,1.01830000,1.01910000,1.01720000,1.01750000
2002.12.13 08:00,1.01770000,1.02620000,1.01660000,1.02350000
2002.12.13 12:00,1.02360000,1.02530000,1.02080000,1.02360000
2002.12.13 16:00,1.02360000,1.02420000,1.01760000,1.02130000
2002.12.13 20:00,1.02140000,1.02440000,1.02090000,1.02420000
2002.12.16 00:00,1.02300000,1.02410000,1.02000000,1.02080000
2002.12.16 04:00,1.02070000,1.02420000,1.01960000,1.02370000
2002.12.16 08:00,1.02340000,1.02510000,1.02040000,1.02170000
2002.12.16 12:00,1.02190000,1.02350000,1.02080000,1.02160000
2002.12.16 16:00,1.02180000,1.02380000,1.01940000,1.02340000
2002.12.16 20:00,1.02360000,1.02360000,1.02160000,1.02230000
2002.12.17 00:00,1.02200000,1.02730000,1.02090000,1.02630000
2002.12.17 04:00,1.02620000,1.02910000,1.02600000,1.02820000
2002.12.17 08:00,1.02800000,1.03320000,1.02710000,1.03180000
2002.12.17 12:00,1.03180000,1.03350000,1.03000000,1.03190000
2002.12.17 16:00,1.03200000,1.03330000,1.02470000,1.02770000
2002.12.17 20:00,1.02760000,1.03000000,1.02650000,1.02720000
2002.12.18 00:00,1.02710000,1.02890000,1.02590000,1.02760000
2002.12.18 04:00,1.02760000,1.02900000,1.02620000,1.02690000
2002.12.18 08:00,1.02690000,1.02790000,1.02480000,1.02610000
2002.12.18 12:00,1.02640000,1.02700000,1.02330000,1.02550000
2002.12.18 16:00,1.02560000,1.02780000,1.02250000,1.02460000
2002.12.18 20:00,1.02450000,1.02890000,1.02410000,1.02840000
2002.12.19 00:00,1.02840000,1.02910000,1.02400000,1.02570000
2002.12.19 04:00,1.02580000,1.02720000,1.02500000,1.02530000
2002.12.19 08:00,1.02540000,1.02770000,1.02480000,1.02740000
2002.12.19 12:00,1.02750000,1.02900000,1.02400000,1.02460000
2002.12.19 16:00,1.02460000,1.02700000,1.02070000,1.02610000
2002.12.19 20:00,1.02600000,1.02800000,1.02550000,1.02710000
2002.12.20 00:00,1.02680000,1.02730000,1.02400000,1.02560000
2002.12.20 04:00,1.02560000,1.02770000,1.02540000,1.02710000
2002.12.20 08:00,1.02670000,1.02760000,1.02420000,1.02560000
2002.12.20 12:00,1.02590000,1.02700000,1.02460000,1.02630000
2002.12.20 16:00,1.02630000,1.02780000,1.02510000,1.02680000
2002.12.20 20:00,1.02680000,1.02760000,1.02490000,1.02740000
2002.12.23 00:00,1.02640000,1.02720000,1.02610000,1.02650000
2002.12.23 04:00,1.02620000,1.02840000,1.02590000,1.02800000
2002.12.23 08:00,1.02810000,1.03200000,1.02740000,1.03090000
2002.12.23 12:00,1.03090000,1.03110000,1.02750000,1.02820000
2002.12.23 16:00,1.02800000,1.02910000,1.02170000,1.02520000
2002.12.23 20:00,1.02510000,1.02720000,1.02510000,1.02660000
2002.12.24 00:00,1.02630000,1.02720000,1.02530000,1.02650000
2002.12.24 04:00,1.02650000,1.02730000,1.02570000,1.02650000
2002.12.24 08:00,1.02610000,1.03000000,1.02570000,1.02870000
2002.12.24 12:00,1.02880000,1.03280000,1.02780000,1.03110000
2002.12.24 16:00,1.03070000,1.03200000,1.02910000,1.03030000
2002.12.24 20:00,1.03040000,1.03080000,1.02960000,1.03030000
2002.12.25 00:00,1.03030000,1.03120000,1.02980000,1.03060000
2002.12.25 04:00,1.03070000,1.03250000,1.03050000,1.03240000
2002.12.25 08:00,1.03230000,1.03290000,1.03060000,1.03190000
2002.12.25 12:00,1.03180000,1.03240000,1.02810000,1.03090000
2002.12.25 16:00,1.03090000,1.03220000,1.02900000,1.03220000
2002.12.25 20:00,1.03200000,1.03270000,1.03130000,1.03210000
2002.12.26 00:00,1.03250000,1.03340000,1.03160000,1.03270000
2002.12.26 04:00,1.03260000,1.03300000,1.03170000,1.03240000
2002.12.26 08:00,1.03250000,1.03670000,1.03190000,1.03520000
2002.12.26 12:00,1.03510000,1.03580000,1.03280000,1.03440000
2002.12.26 16:00,1.03460000,1.03690000,1.03330000,1.03630000
2002.12.26 20:00,1.03620000,1.03830000,1.03570000,1.03680000
2002.12.27 00:00,1.03660000,1.03830000,1.03590000,1.03770000
2002.12.27 04:00,1.03780000,1.04010000,1.03760000,1.03880000
2002.12.27 08:00,1.03870000,1.03920000,1.03610000,1.03730000
2002.12.27 12:00,1.03750000,1.03950000,1.03640000,1.03890000
2002.12.27 16:00,1.03880000,1.04230000,1.03780000,1.04180000
2002.12.27 20:00,1.04170000,1.04470000,1.04130000,1.04430000
2002.12.30 00:00,1.04190000,1.04410000,1.04100000,1.04390000
2002.12.30 04:00,1.04390000,1.04450000,1.04300000,1.04380000
2002.12.30 08:00,1.04370000,1.04430000,1.04060000,1.04250000
2002.12.30 12:00,1.04260000,1.04530000,1.04120000,1.04420000
2002.12.30 16:00,1.04420000,1.04810000,1.04230000,1.04760000
2002.12.30 20:00,1.04750000,1.04950000,1.04710000,1.04760000
2002.12.31 00:00,1.04730000,1.04850000,1.04640000,1.04820000
2002.12.31 04:00,1.04830000,1.04930000,1.04740000,1.04810000
2002.12.31 08:00,1.04800000,1.04980000,1.04540000,1.04900000
2002.12.31 12:00,1.04860000,1.05030000,1.04540000,1.04690000
2002.12.31 16:00,1.04700000,1.05060000,1.04550000,1.04990000
2002.12.31 20:00,1.04980000,1.05070000,1.04880000,1.04930000
